class,clock,entityId,eventId,eventTime,eventType,options,periodId,personId,playId,sequence,subType,success,timestamp
setup,,,c5a4ad46-eb37-1c36-9e67-ff663f749f3e,2023-08-24T17:00:00,fixture,"{'attendance': 5136, 'numberOfPeriods': 2, 'periodLength': 30}",,,,,post,,2023-08-24T17:00:00
setup,,FIXTURE,a4661bce-05b9-11f5-92a0-b4feba7ad1ed,2023-08-24T17:00:00,role,"{'name': 'Reinhold Cesinger', 'number': 1, 'position': 'TIMEKEEPER'}",,661c1b5f-3954-11ef-b869-bdf3bafad9bd,,,fixture,,2023-08-24T17:00:00
setup,,FIXTURE,20e911d9-6364-1996-ab12-64fbb922f1ca,2023-08-24T17:00:00,role,"{'name': 'Richard Cesinger', 'number': 3, 'position': 'SECRETARY'}",,662188fb-3954-11ef-bbbb-bdf3bafad9bd,,,fixture,,2023-08-24T17:00:00
setup,,FIXTURE,ea407773-3476-103d-9338-fc13ecbf5b79,2023-08-24T17:00:00,role,"{'name': 'Tanja Kuttler', 'number': 2, 'position': 'REFEREE'}",,69d97b49-3954-11ef-9ef5-bdf3bafad9bd,,,fixture,,2023-08-24T17:00:00
setup,,FIXTURE,f010de64-4d9d-1b47-a770-e17374f45b6c,2023-08-24T17:00:00,role,"{'name': 'Maike Merz', 'number': 3, 'position': 'REFEREE'}",,69ce93b1-3954-11ef-96fe-bdf3bafad9bd,,,fixture,,2023-08-24T17:00:00
setup,,FIXTURE,1b8719f7-9d34-1238-a6db-9957b4f9aaf5,2023-08-24T17:00:00,role,"{'name': 'Lars Geipel', 'number': 3, 'position': 'MATCH_SUPERVISOR'}",,698ccb3c-3954-11ef-adf9-bdf3bafad9bd,,,fixture,,2023-08-24T17:00:00
setup,,fe8d1885-3952-11ef-9130-af5c55c3771d,87a13721-8d65-1021-a158-0a547bbcefa9,2023-08-24T17:00:00,person,"{'active': True, 'bib': '27', 'name': 'Antonio Metzner', 'position': 'RB'}",,66f5d7c6-3953-11ef-8f22-2510cc07ea6e,,,,,2023-08-24T17:00:00
setup,,fe8d1885-3952-11ef-9130-af5c55c3771d,5946a8d3-2c7d-1a3b-acfa-cb9043b9546d,2023-08-24T17:00:00,person,"{'active': True, 'bib': '21', 'name': 'Christopher Bissel', 'position': 'LW'}",,458c7c77-3953-11ef-b1d0-855e48b08f9c,,,,,2023-08-24T17:00:00
setup,,fe8d1885-3952-11ef-9130-af5c55c3771d,1e5e11fb-edd6-1d36-933e-3a653ce8d646,2023-08-24T17:00:00,person,"{'active': True, 'bib': '30', 'name': 'Gedeon Guardiola', 'position': 'P'}",,446d1d5e-3953-11ef-9398-855e48b08f9c,,,,,2023-08-24T17:00:00
setup,,fe8d1885-3952-11ef-9130-af5c55c3771d,eb5d2f30-ca73-1f6f-9f7f-2bdbc055b65a,2023-08-24T17:00:00,person,"{'active': True, 'bib': '16', 'name': 'Bertram Obling', 'position': 'G'}",,f759defc-3955-11ef-9e9e-e79bf7b1fa4b,,,,,2023-08-24T17:00:00
setup,,fe8d1885-3952-11ef-9130-af5c55c3771d,59471906-bd3d-1003-826a-ca205e153e8b,2023-08-24T17:00:00,person,"{'active': True, 'bib': '67', 'name': 'Hampus Olsson', 'position': 'RW'}",,e9161b82-3954-11ef-af2c-0119270b4993,,,,,2023-08-24T17:00:00
setup,,fe8d1885-3952-11ef-9130-af5c55c3771d,312da4d2-e2b3-12c8-8006-89e25acf60e0,2023-08-24T17:00:00,person,"{'active': True, 'bib': '28', 'name': 'Jonathan Svensson', 'position': 'LB'}",,0e7ef9b9-3956-11ef-82c8-63392ed267d4,,,,,2023-08-24T17:00:00
setup,,fe8d1885-3952-11ef-9130-af5c55c3771d,289c9ae5-5520-180f-8c39-a66d8550a543,2023-08-24T17:00:00,person,"{'active': True, 'bib': '44', 'name': 'Christoph Steinert', 'position': 'RB'}",,50158fe2-3953-11ef-a039-a9530db97767,,,,,2023-08-24T17:00:00
setup,,fe8d1885-3952-11ef-9130-af5c55c3771d,6a5d3b36-647d-19f3-8ea2-86a495371a00,2023-08-24T17:00:00,person,"{'active': True, 'bib': '3', 'name': 'Mads-Peter Lonborg', 'position': 'RB'}",,0e79d06e-3956-11ef-aadf-63392ed267d4,,,,,2023-08-24T17:00:00
setup,,fe8d1885-3952-11ef-9130-af5c55c3771d,108d981b-4c72-17d8-a3db-ddc7fb4c65e9,2023-08-24T17:00:00,person,"{'active': True, 'bib': '22', 'name': 'Klemen Ferlin', 'position': 'G'}",,e834a72e-3954-11ef-8893-0119270b4993,,,,,2023-08-24T17:00:00
setup,,fe8d1885-3952-11ef-9130-af5c55c3771d,4369edab-f2d0-10fe-a946-4b63ac559591,2023-08-24T17:00:00,person,"{'active': True, 'bib': '20', 'name': 'Nico Büdel', 'position': 'CB'}",,513bb541-3953-11ef-a421-a9530db97767,,,,,2023-08-24T17:00:00
setup,,fe8d1885-3952-11ef-9130-af5c55c3771d,c5689d65-6c06-17fe-ae4a-699dab80d7b7,2023-08-24T17:00:00,person,"{'active': True, 'bib': '42', 'name': 'Simon Jeppsson', 'position': 'LB'}",,8a7e323f-3954-11ef-bdc6-a919af319ee5,,,,,2023-08-24T17:00:00
setup,,fe8d1885-3952-11ef-9130-af5c55c3771d,bbe444d7-5581-112b-afcb-36f3a350a099,2023-08-24T17:00:00,person,"{'active': True, 'bib': '33', 'name': 'Nikolai Link', 'position': 'LB'}",,455ee77d-3953-11ef-ab3e-855e48b08f9c,,,,,2023-08-24T17:00:00
setup,,fe8d1885-3952-11ef-9130-af5c55c3771d,7116ccb6-eb90-119f-8ad1-45a0a403c2a6,2023-08-24T17:00:00,person,"{'active': True, 'bib': '18', 'name': 'Sebastian Firnhaber', 'position': 'P'}",,5229986a-3953-11ef-a0a0-a9530db97767,,,,,2023-08-24T17:00:00
setup,,fe8d1885-3952-11ef-9130-af5c55c3771d,649c865b-87cf-164a-aa5f-cabf4fb0b79d,2023-08-24T17:00:00,person,"{'active': True, 'bib': '96', 'name': 'Tim Zechel', 'position': 'P'}",,f5f23435-3953-11ef-9360-7f8c67faf7e7,,,,,2023-08-24T17:00:00
setup,,fe8d1885-3952-11ef-9130-af5c55c3771d,20cc4330-e60f-1dad-8920-565d89bddb8f,2023-08-24T17:00:00,person,"{'active': True, 'bib': '10', 'name': 'Veit Mävers', 'position': 'CB'}",,c1fb283e-3954-11ef-af2a-791010fc8985,,,,,2023-08-24T17:00:00
setup,,fea93a14-3952-11ef-a7e0-af5c55c3771d,c8ec9b14-4482-1386-987f-924c428a9870,2023-08-24T17:00:00,person,"{'active': True, 'bib': '4', 'name': 'Adam Nyfjall', 'position': 'P'}",,f52ffb1e-3954-11ef-ae6c-4143a9146400,,,,,2023-08-24T17:00:00
setup,,fea93a14-3952-11ef-a7e0-af5c55c3771d,915179eb-b9da-109a-a67c-2eb3e6e81f3b,2023-08-24T17:00:00,person,"{'active': True, 'bib': '2', 'name': 'Branko Vujovic', 'position': 'RB'}",,f79b5dfa-3955-11ef-aa7e-e79bf7b1fa4b,,,,,2023-08-24T17:00:00
setup,,fe8d1885-3952-11ef-9130-af5c55c3771d,33606085-5834-11c6-92d8-ae19bb043a34,2023-08-24T17:00:00,person,"{'active': True, 'bib': '7', 'name': 'Yannik Bialowas', 'position': 'LW'}",,c43e904f-3954-11ef-bb84-791010fc8985,,,,,2023-08-24T17:00:00
setup,,fea93a14-3952-11ef-a7e0-af5c55c3771d,53827911-2820-1010-abfc-e3a92bf75aad,2023-08-24T17:00:00,person,"{'active': True, 'bib': '56', 'name': 'Hannes Feise', 'position': 'LW'}",,4fec1746-3953-11ef-9a74-a9530db97767,,,,,2023-08-24T17:00:00
setup,,fea93a14-3952-11ef-a7e0-af5c55c3771d,34058dbc-f4e8-1b37-96e6-4a07e0148988,2023-08-24T17:00:00,person,"{'active': True, 'bib': '26', 'name': 'Jonathan Edvardsson', 'position': 'CB'}",,fe9fc8c6-3954-11ef-b8d2-0d6c0b831129,,,,,2023-08-24T17:00:00
setup,,fea93a14-3952-11ef-a7e0-af5c55c3771d,bde7eb66-f85d-13f9-8c35-291e1ac9289c,2023-08-24T17:00:00,person,"{'active': True, 'bib': '44', 'name': 'Ilija Brozovic', 'position': 'P'}",,52363e5d-3953-11ef-9b17-a9530db97767,,,,,2023-08-24T17:00:00
setup,,fea93a14-3952-11ef-a7e0-af5c55c3771d,ef72db3a-b4ed-1136-9bde-a9baff6c324f,2023-08-24T17:00:00,person,"{'active': True, 'bib': '54', 'name': 'Justus Fischer', 'position': 'P'}",,f24b6a05-3954-11ef-a821-4143a9146400,,,,,2023-08-24T17:00:00
setup,,fea93a14-3952-11ef-a7e0-af5c55c3771d,6a960513-1eb4-1250-8131-acea8e55caf3,2023-08-24T17:00:00,person,"{'active': True, 'bib': '21', 'name': 'Dario Quenstedt', 'position': 'G'}",,44b187b6-3953-11ef-9e2b-855e48b08f9c,,,,,2023-08-24T17:00:00
setup,,fea93a14-3952-11ef-a7e0-af5c55c3771d,1548cb19-07ca-12aa-ad31-7069db33b074,2023-08-24T17:00:00,person,"{'active': True, 'bib': '22', 'name': 'Marian Michalczik', 'position': 'LB'}",,475802bc-3953-11ef-b101-855e48b08f9c,,,,,2023-08-24T17:00:00
setup,,fea93a14-3952-11ef-a7e0-af5c55c3771d,4689e5fa-92cb-1527-9f6b-3f6e9272e10c,2023-08-24T17:00:00,person,"{'active': True, 'bib': '28', 'name': 'Maximilian Gerbl', 'position': 'RW'}",,f7697a72-3955-11ef-9f65-e79bf7b1fa4b,,,,,2023-08-24T17:00:00
setup,,fea93a14-3952-11ef-a7e0-af5c55c3771d,fa3474d9-a583-17d3-85f4-6f4fa821aa97,2023-08-24T17:00:00,person,"{'active': True, 'bib': '16', 'name': 'SImon Gade', 'position': 'G'}",,0f46dff5-3956-11ef-bcc8-63392ed267d4,,,,,2023-08-24T17:00:00
setup,,fea93a14-3952-11ef-a7e0-af5c55c3771d,a7aa0ad2-e7c9-1a6b-a12e-56de4f6bc622,2023-08-24T17:00:00,person,"{'active': True, 'bib': '25', 'name': 'Tilen Strmljan', 'position': 'CB'}",,0f410352-3956-11ef-8c6a-63392ed267d4,,,,,2023-08-24T17:00:00
setup,,fea93a14-3952-11ef-a7e0-af5c55c3771d,2e85c3aa-8405-14b0-80a6-8a0c0eb3c74b,2023-08-24T17:00:00,person,"{'active': True, 'bib': '74', 'name': 'Vincent Büchner', 'position': 'LW'}",,89fe4d53-3954-11ef-b29b-a919af319ee5,,,,,2023-08-24T17:00:00
setup,,fea93a14-3952-11ef-a7e0-af5c55c3771d,7ec8f37f-1f88-1a33-8ef1-9e4f282067d1,2023-08-24T17:00:00,person,"{'active': True, 'bib': '23', 'name': 'Uladzislau Kulesh', 'position': 'LB'}",,f9821870-3955-11ef-8ff7-e79bf7b1fa4b,,,,,2023-08-24T17:00:00
setup,,fea93a14-3952-11ef-a7e0-af5c55c3771d,036f300e-78ed-1113-acf3-39c9ea3062c3,2023-08-24T17:00:00,person,"{'active': True, 'bib': '19', 'name': 'Marius Steinhauser', 'position': 'RW'}",,4471a641-3953-11ef-8b14-855e48b08f9c,,,,,2023-08-24T17:00:00
setup,,fea93a14-3952-11ef-a7e0-af5c55c3771d,d713b10c-f747-19d7-a581-e1e96a32571a,2023-08-24T17:00:00,person,"{'active': True, 'bib': '10', 'name': 'Renars Uscins', 'position': 'RB'}",,f2fc1b0a-3954-11ef-ae4a-4143a9146400,,,,,2023-08-24T17:00:00
setup,,fea93a14-3952-11ef-a7e0-af5c55c3771d,44b6db59-cb90-1a6d-9a46-d9eef3b90090,2023-08-24T17:00:00,person,"{'active': True, 'bib': '42', 'name': 'Martin Hanne', 'position': 'LB'}",,c337d3d9-3954-11ef-855f-791010fc8985,,,,,2023-08-24T17:00:00
sport,PT0M0S,,a90d42db-de1e-19bb-9fad-58353fd15079,2023-08-24T17:00:00.1,fixture,,1,,,1,pending,,2023-08-24T17:00:00.1
sport,PT0M0S,,78f368ef-a5a6-16db-a500-df8d844e0d5d,2023-08-24T17:00:00.2,period,,1,,,2,pending,,2023-08-24T17:00:00.2
clock,PT0M0S,,00e42b0b-bba8-130e-9f48-32b5d8abe32b,2023-08-24T17:00:00.3,main,,1,,,3,start,,2023-08-24T17:00:00.3
sport,PT0M0S,,94ab4719-b0f9-16a3-9ce3-c7795ea80e2d,2023-08-24T17:00:00.4,fixture,,1,,,4,start,,2023-08-24T17:00:00.4
sport,PT0M0S,,78868342-c3f2-115a-9464-d4fc5b91ec79,2023-08-24T17:00:00.5,period,,1,,,5,start,,2023-08-24T17:00:00.5
sport,PT0M0S,fe8d1885-3952-11ef-9130-af5c55c3771d,cc579869-1cf9-183c-98ea-45c64da30374,2023-08-24T17:00:00.6,goalKeeperChange,{'emptyNet': False},1,e834a72e-3954-11ef-8893-0119270b4993,cc579869-1cf9-183c-98ea-45c64da30374,6,,,2023-08-24T17:00:00.6
sport,PT0M0S,fea93a14-3952-11ef-a7e0-af5c55c3771d,3c19712d-bd9d-18af-930c-64c9ea026ef9,2023-08-24T17:00:00.7,goalKeeperChange,{'emptyNet': False},1,44b187b6-3953-11ef-9e2b-855e48b08f9c,cc579869-1cf9-183c-98ea-45c64da30374,7,,,2023-08-24T17:00:00.7
clock,PT0M1S,,f84bba6b-42fd-195b-94b0-04f0f326301b,2023-08-24T17:00:01.1,main,,1,,,8,start,,2023-08-24T17:00:01.1
sport,PT0M38S,fea93a14-3952-11ef-a7e0-af5c55c3771d,d6c974b9-0d28-187f-957a-b2c18b59773a,2023-08-24T17:00:38.1,goal,"{'attackType': 'PIVOT', 'emptyNet': False, 'failureReason': 'SAVE', 'goalKeeperId': 'e834a72e-3954-11ef-8893-0119270b4993', 'location': 'LEFT'}",1,f24b6a05-3954-11ef-a821-4143a9146400,d6c974b9-0d28-187f-957a-b2c18b59773a,9,sixMetre,False,2023-08-24T17:00:38.1
clock,PT0M55S,,08b11790-81cb-12c7-a5f5-0e5d3f9da168,2023-08-24T17:00:55.1,main,,1,,,10,stop,,2023-08-24T17:00:55.1
clock,PT1M20S,,ae513ff1-5e93-1693-90a9-ecd7283aebfe,2023-08-24T17:01:20.1,main,,1,,,11,start,,2023-08-24T17:01:20.1
sport,PT1M20S,fe8d1885-3952-11ef-9130-af5c55c3771d,c5d104af-4bfa-10d9-8e36-3658859ced17,2023-08-24T17:01:20.2,goal,"{'emptyNet': False, 'failureReason': 'SAVE', 'goalKeeperId': '44b187b6-3953-11ef-9e2b-855e48b08f9c', 'location': 'RIGHT'}",1,e9161b82-3954-11ef-af2c-0119270b4993,c5d104af-4bfa-10d9-8e36-3658859ced17,12,wing,False,2023-08-24T17:01:20.2
sport,PT1M34S,fea93a14-3952-11ef-a7e0-af5c55c3771d,b2375689-8cc0-16c8-a946-510b413d2161,2023-08-24T17:01:34.1,technicalFault,,1,4471a641-3953-11ef-8b14-855e48b08f9c,b2375689-8cc0-16c8-a946-510b413d2161,13,ruleFault,,2023-08-24T17:01:34.1
sport,PT1M46S,fe8d1885-3952-11ef-9130-af5c55c3771d,83a6898a-3a09-15a3-9a03-87bd77b700b6,2023-08-24T17:01:46.1,technicalFault,,1,513bb541-3953-11ef-a421-a9530db97767,83a6898a-3a09-15a3-9a03-87bd77b700b6,14,ballFault,,2023-08-24T17:01:46.1
sport,PT1M46S,fea93a14-3952-11ef-a7e0-af5c55c3771d,b24ad138-78ab-1baa-aac2-8dfa7221902d,2023-08-24T17:01:46.2,steal,,1,f79b5dfa-3955-11ef-aa7e-e79bf7b1fa4b,83a6898a-3a09-15a3-9a03-87bd77b700b6,15,,,2023-08-24T17:01:46.2
clock,PT1M55S,,32d9068c-45b5-1aa5-91a8-ca2b04d0afc2,2023-08-24T17:01:55.1,main,,1,,,16,stop,,2023-08-24T17:01:55.1
clock,PT1M55S,,2783a459-8855-16d4-9a78-72f90af3bc0f,2023-08-24T17:01:55.2,main,,1,,,17,start,,2023-08-24T17:01:55.2
sport,PT1M55S,fe8d1885-3952-11ef-9130-af5c55c3771d,2c31e70b-968a-1eba-8fb9-f8edaab4b459,2023-08-24T17:01:55.3,suspension,,1,5229986a-3953-11ef-a0a0-a9530db97767,2c31e70b-968a-1eba-8fb9-f8edaab4b459,18,twoMinutes,,2023-08-24T17:01:55.3
clock,PT1M55S,,37efb751-5aef-1b9f-8a59-784f4d51ccd7,2023-08-24T17:01:55.4,main,,1,,,19,start,,2023-08-24T17:01:55.4
sport,PT1M59S,fea93a14-3952-11ef-a7e0-af5c55c3771d,6de15e51-5a16-1fa1-89ac-3ef4bd0d7340,2023-08-24T17:01:59.1,goal,{'goalKeeperId': 'e834a72e-3954-11ef-8893-0119270b4993'},1,4471a641-3953-11ef-8b14-855e48b08f9c,6de15e51-5a16-1fa1-89ac-3ef4bd0d7340,20,sevenMetrePenalty,True,2023-08-24T17:01:59.1
sport,PT2M11S,fe8d1885-3952-11ef-9130-af5c55c3771d,b0a6554b-9397-14fb-a133-035fe1aae0db,2023-08-24T17:02:11.1,goalKeeperChange,{'emptyNet': True},1,,b0a6554b-9397-14fb-a133-035fe1aae0db,21,,,2023-08-24T17:02:11.1
sport,PT2M50S,fe8d1885-3952-11ef-9130-af5c55c3771d,c64816f4-5bfa-1109-87e2-549b5457e668,2023-08-24T17:02:50.1,technicalFault,,1,50158fe2-3953-11ef-a039-a9530db97767,c64816f4-5bfa-1109-87e2-549b5457e668,22,ruleFault,,2023-08-24T17:02:50.1
sport,PT3M1S,fea93a14-3952-11ef-a7e0-af5c55c3771d,28d29165-1c82-1e9d-83cd-cad827174679,2023-08-24T17:03:01.1,goal,"{'attackType': 'FAST_BREAK', 'emptyNet': True, 'location': 'CENTRE'}",1,f24b6a05-3954-11ef-a821-4143a9146400,28d29165-1c82-1e9d-83cd-cad827174679,23,sixMetre,True,2023-08-24T17:03:01.1
sport,PT3M1S,fea93a14-3952-11ef-a7e0-af5c55c3771d,9ed1c95f-031b-1b52-a1b5-86e3813755eb,2023-08-24T17:03:01.2,assist,,1,f79b5dfa-3955-11ef-aa7e-e79bf7b1fa4b,28d29165-1c82-1e9d-83cd-cad827174679,24,,True,2023-08-24T17:03:01.2
clock,PT3M2S,,2a6dffb5-64f7-155f-8059-b9d58e48aede,2023-08-24T17:03:02.1,main,,1,,,25,stop,,2023-08-24T17:03:02.1
clock,PT3M2S,,b7ee8de1-61e5-1792-92de-d25fd5b7558c,2023-08-24T17:03:02.2,main,,1,,,26,start,,2023-08-24T17:03:02.2
sport,PT3M31S,fe8d1885-3952-11ef-9130-af5c55c3771d,80310e6e-b6c4-1ef5-91f0-551bc1d3c857,2023-08-24T17:03:31.1,goalKeeperChange,{'emptyNet': False},1,e834a72e-3954-11ef-8893-0119270b4993,80310e6e-b6c4-1ef5-91f0-551bc1d3c857,27,,,2023-08-24T17:03:31.1
sport,PT3M36S,fe8d1885-3952-11ef-9130-af5c55c3771d,f368d9a8-0a94-14eb-9307-8930ecf7a256,2023-08-24T17:03:36.1,goal,"{'emptyNet': False, 'goalKeeperId': '44b187b6-3953-11ef-9e2b-855e48b08f9c', 'location': 'CENTRE'}",1,8a7e323f-3954-11ef-bdc6-a919af319ee5,f368d9a8-0a94-14eb-9307-8930ecf7a256,28,sixMetre,True,2023-08-24T17:03:36.1
clock,PT3M53S,,1042661f-03b4-15c1-a0b5-ad1c4b252853,2023-08-24T17:03:53.1,main,,1,,,29,stop,,2023-08-24T17:03:53.1
clock,PT3M53S,,4cfc733e-0cf1-156d-9de9-c4465444800b,2023-08-24T17:03:53.2,main,,1,,,30,start,,2023-08-24T17:03:53.2
sport,PT3M54S,fe8d1885-3952-11ef-9130-af5c55c3771d,817283a4-9fe4-1dbf-a381-9667f596e296,2023-08-24T17:03:54.1,yellowCard,,1,8a7e323f-3954-11ef-bdc6-a919af319ee5,817283a4-9fe4-1dbf-a381-9667f596e296,31,,,2023-08-24T17:03:54.1
sport,PT4M23S,fea93a14-3952-11ef-a7e0-af5c55c3771d,44975126-ff04-1245-8094-62b5e4a549b4,2023-08-24T17:04:23.1,goal,"{'emptyNet': False, 'goalKeeperId': 'e834a72e-3954-11ef-8893-0119270b4993', 'location': 'LEFT'}",1,89fe4d53-3954-11ef-b29b-a919af319ee5,44975126-ff04-1245-8094-62b5e4a549b4,32,wing,True,2023-08-24T17:04:23.1
sport,PT4M23S,fea93a14-3952-11ef-a7e0-af5c55c3771d,ce5c6507-0e64-15bb-a703-9a87e3f61f5c,2023-08-24T17:04:23.2,assist,,1,475802bc-3953-11ef-b101-855e48b08f9c,44975126-ff04-1245-8094-62b5e4a549b4,33,,True,2023-08-24T17:04:23.2
clock,PT4M25S,,4d4e6576-49f5-14ab-8d28-50323b6655f1,2023-08-24T17:04:25.1,main,,1,,,34,stop,,2023-08-24T17:04:25.1
clock,PT4M25S,,6087b448-e1c1-1e90-a767-2c2d9a2d9ce1,2023-08-24T17:04:25.2,main,,1,,,35,start,,2023-08-24T17:04:25.2
clock,PT4M42S,,53feaad3-0f53-1963-851a-0f883e6e409b,2023-08-24T17:04:42.1,main,,1,,,36,stop,,2023-08-24T17:04:42.1
clock,PT4M42S,,19813bf7-28cf-15c2-99c3-28aeb1c338b5,2023-08-24T17:04:42.2,main,,1,,,37,start,,2023-08-24T17:04:42.2
sport,PT4M58S,fe8d1885-3952-11ef-9130-af5c55c3771d,95ec3b79-f9b4-172f-a75f-084bf7bc0b08,2023-08-24T17:04:58.1,goal,"{'emptyNet': False, 'goalKeeperId': '44b187b6-3953-11ef-9e2b-855e48b08f9c', 'location': 'CENTRE'}",1,50158fe2-3953-11ef-a039-a9530db97767,95ec3b79-f9b4-172f-a75f-084bf7bc0b08,38,sixMetre,True,2023-08-24T17:04:58.1
sport,PT5M8S,fe8d1885-3952-11ef-9130-af5c55c3771d,2d8ea1b5-a640-1dd8-9ee2-c98b215ede7c,2023-08-24T17:05:08.1,suspension,,1,458c7c77-3953-11ef-b1d0-855e48b08f9c,2d8ea1b5-a640-1dd8-9ee2-c98b215ede7c,39,twoMinutes,,2023-08-24T17:05:08.1
clock,PT5M11S,,35fadf93-88af-160a-a64f-ca128d72b04f,2023-08-24T17:05:11.1,main,,1,,,40,stop,,2023-08-24T17:05:11.1
clock,PT5M11S,,42a8fdf5-3609-10ca-8fd3-f7ae9c7e6f21,2023-08-24T17:05:11.2,main,,1,,,41,start,,2023-08-24T17:05:11.2
sport,PT5M24S,fea93a14-3952-11ef-a7e0-af5c55c3771d,78ca0a8b-a45d-1214-abd6-e5910d87de7f,2023-08-24T17:05:24.1,goal,"{'emptyNet': False, 'goalKeeperId': 'e834a72e-3954-11ef-8893-0119270b4993', 'location': 'LEFT'}",1,89fe4d53-3954-11ef-b29b-a919af319ee5,78ca0a8b-a45d-1214-abd6-e5910d87de7f,42,wing,True,2023-08-24T17:05:24.1
sport,PT5M24S,fea93a14-3952-11ef-a7e0-af5c55c3771d,14e0cbfc-c78f-1897-912a-c18b5365f5c7,2023-08-24T17:05:24.2,assist,,1,475802bc-3953-11ef-b101-855e48b08f9c,78ca0a8b-a45d-1214-abd6-e5910d87de7f,43,,True,2023-08-24T17:05:24.2
sport,PT5M32S,fe8d1885-3952-11ef-9130-af5c55c3771d,0fe968d8-ff55-186a-8378-a79a00d64cd9,2023-08-24T17:05:32.1,goalKeeperChange,{'emptyNet': True},1,,0fe968d8-ff55-186a-8378-a79a00d64cd9,44,,,2023-08-24T17:05:32.1
clock,PT5M46S,,baa2bffc-6ca8-12dc-9bc5-106bc9a88320,2023-08-24T17:05:46.1,main,,1,,,45,stop,,2023-08-24T17:05:46.1
clock,PT5M46S,,bbc90955-7f81-1a6e-8c79-fb5e10c822d1,2023-08-24T17:05:46.2,main,,1,,,46,start,,2023-08-24T17:05:46.2
sport,PT6M36S,fe8d1885-3952-11ef-9130-af5c55c3771d,d3d249ba-cd8c-164c-a131-cbbfc7b7f743,2023-08-24T17:06:36.1,goalKeeperChange,{'emptyNet': False},1,e834a72e-3954-11ef-8893-0119270b4993,d3d249ba-cd8c-164c-a131-cbbfc7b7f743,47,,,2023-08-24T17:06:36.1
sport,PT6M44S,fe8d1885-3952-11ef-9130-af5c55c3771d,53feb9e1-1b3d-1e26-8f9b-5bb9d98563c1,2023-08-24T17:06:44.1,goal,"{'emptyNet': False, 'failureReason': 'SHOT_BLOCKED', 'goalKeeperId': '44b187b6-3953-11ef-9e2b-855e48b08f9c', 'location': 'LEFT'}",1,8a7e323f-3954-11ef-bdc6-a919af319ee5,53feb9e1-1b3d-1e26-8f9b-5bb9d98563c1,48,sixMetre,False,2023-08-24T17:06:44.1
sport,PT6M44S,fea93a14-3952-11ef-a7e0-af5c55c3771d,8451b882-e8b4-1704-8cc5-a414544ca296,2023-08-24T17:06:44.2,block,,1,f24b6a05-3954-11ef-a821-4143a9146400,53feb9e1-1b3d-1e26-8f9b-5bb9d98563c1,49,,True,2023-08-24T17:06:44.2
sport,PT7M4S,fea93a14-3952-11ef-a7e0-af5c55c3771d,a02bb774-6a47-1e61-86f2-4cfc892552c3,2023-08-24T17:07:04.1,goal,"{'emptyNet': False, 'goalKeeperId': 'e834a72e-3954-11ef-8893-0119270b4993', 'location': 'LEFT'}",1,89fe4d53-3954-11ef-b29b-a919af319ee5,a02bb774-6a47-1e61-86f2-4cfc892552c3,50,wing,True,2023-08-24T17:07:04.1
sport,PT7M4S,fea93a14-3952-11ef-a7e0-af5c55c3771d,746352b3-9ac6-1b9f-992e-83dc0a63e874,2023-08-24T17:07:04.2,assist,,1,475802bc-3953-11ef-b101-855e48b08f9c,a02bb774-6a47-1e61-86f2-4cfc892552c3,51,,True,2023-08-24T17:07:04.2
sport,PT7M47S,fe8d1885-3952-11ef-9130-af5c55c3771d,944c385d-257d-1445-8664-2979dde52601,2023-08-24T17:07:47.1,goal,"{'emptyNet': False, 'failureReason': 'SAVE', 'goalKeeperId': '44b187b6-3953-11ef-9e2b-855e48b08f9c', 'location': 'CENTRE'}",1,50158fe2-3953-11ef-a039-a9530db97767,944c385d-257d-1445-8664-2979dde52601,52,sixMetre,False,2023-08-24T17:07:47.1
clock,PT7M53S,,6c256400-79f2-1c63-854a-0d8ee03e3cb6,2023-08-24T17:07:53.1,main,,1,,,53,stop,,2023-08-24T17:07:53.1
sport,PT7M53S,fe8d1885-3952-11ef-9130-af5c55c3771d,bf9542e5-d5d6-109e-8b8c-31d44419804c,2023-08-24T17:07:53.2,timeOut,,1,,bf9542e5-d5d6-109e-8b8c-31d44419804c,54,team,,2023-08-24T17:07:53.2
clock,PT7M53S,,3c5a0e90-855e-1beb-af04-4f437780bb68,2023-08-24T17:07:53.3,main,,1,,,55,start,,2023-08-24T17:07:53.3
clock,PT8M9S,,d01ee7f5-e086-1f99-9b35-a741908d2451,2023-08-24T17:08:09.1,main,,1,,,56,stop,,2023-08-24T17:08:09.1
clock,PT8M9S,,8e4ef4cb-ff7d-132b-9c12-7d08955431f2,2023-08-24T17:08:09.2,main,,1,,,57,start,,2023-08-24T17:08:09.2
sport,PT8M25S,fe8d1885-3952-11ef-9130-af5c55c3771d,410a2001-c168-196c-8e59-d43a776b07e3,2023-08-24T17:08:25.1,goal,"{'emptyNet': False, 'failureReason': 'POST', 'goalKeeperId': '44b187b6-3953-11ef-9e2b-855e48b08f9c', 'location': 'LEFT'}",1,513bb541-3953-11ef-a421-a9530db97767,410a2001-c168-196c-8e59-d43a776b07e3,58,nineMetre,False,2023-08-24T17:08:25.1
sport,PT8M25S,fea93a14-3952-11ef-a7e0-af5c55c3771d,1b09fcd6-cc17-1186-8b5d-29916ff6faf6,2023-08-24T17:08:25.2,goal,"{'attackType': 'FAST_BREAK', 'emptyNet': False, 'goalKeeperId': 'e834a72e-3954-11ef-8893-0119270b4993', 'location': 'CENTRE'}",1,f24b6a05-3954-11ef-a821-4143a9146400,410a2001-c168-196c-8e59-d43a776b07e3,59,sixMetre,True,2023-08-24T17:08:25.2
sport,PT8M25S,fea93a14-3952-11ef-a7e0-af5c55c3771d,789e94ea-0d42-1a3a-abdf-2a1b050338bc,2023-08-24T17:08:25.3,assist,,1,89fe4d53-3954-11ef-b29b-a919af319ee5,410a2001-c168-196c-8e59-d43a776b07e3,60,,True,2023-08-24T17:08:25.3
clock,PT8M40S,,f8d451c9-2f6b-1749-a43f-cb0dc70f9cdb,2023-08-24T17:08:40.1,main,,1,,,61,stop,,2023-08-24T17:08:40.1
clock,PT8M40S,,de80393f-2309-1adc-aece-3ebfe355c853,2023-08-24T17:08:40.2,main,,1,,,62,start,,2023-08-24T17:08:40.2
sport,PT9M11S,fe8d1885-3952-11ef-9130-af5c55c3771d,0fc34cee-a3eb-1571-9a43-3a210160fff0,2023-08-24T17:09:11.1,goal,"{'emptyNet': False, 'failureReason': 'SAVE', 'goalKeeperId': '44b187b6-3953-11ef-9e2b-855e48b08f9c', 'location': 'LEFT'}",1,513bb541-3953-11ef-a421-a9530db97767,0fc34cee-a3eb-1571-9a43-3a210160fff0,63,sixMetre,False,2023-08-24T17:09:11.1
sport,PT9M47S,fea93a14-3952-11ef-a7e0-af5c55c3771d,5972c592-0ed3-1b91-8c6d-241fdb3c9791,2023-08-24T17:09:47.1,goal,"{'attackType': 'PIVOT', 'emptyNet': False, 'goalKeeperId': 'e834a72e-3954-11ef-8893-0119270b4993', 'location': 'CENTRE'}",1,f24b6a05-3954-11ef-a821-4143a9146400,5972c592-0ed3-1b91-8c6d-241fdb3c9791,64,sixMetre,True,2023-08-24T17:09:47.1
sport,PT9M47S,fea93a14-3952-11ef-a7e0-af5c55c3771d,4ea645e8-45d1-10f5-a361-fa236529e3e4,2023-08-24T17:09:47.2,assist,,1,fe9fc8c6-3954-11ef-b8d2-0d6c0b831129,5972c592-0ed3-1b91-8c6d-241fdb3c9791,65,,True,2023-08-24T17:09:47.2
sport,PT10M21S,fe8d1885-3952-11ef-9130-af5c55c3771d,a89549c6-124c-15c8-859b-55151d93dc96,2023-08-24T17:10:21.1,goal,"{'emptyNet': False, 'goalKeeperId': '44b187b6-3953-11ef-9e2b-855e48b08f9c', 'location': 'RIGHT'}",1,0e79d06e-3956-11ef-aadf-63392ed267d4,a89549c6-124c-15c8-859b-55151d93dc96,66,wing,True,2023-08-24T17:10:21.1
sport,PT10M21S,fe8d1885-3952-11ef-9130-af5c55c3771d,bf6a49c8-6304-1e87-8b38-e6b977fb682b,2023-08-24T17:10:21.2,assist,,1,513bb541-3953-11ef-a421-a9530db97767,a89549c6-124c-15c8-859b-55151d93dc96,67,,True,2023-08-24T17:10:21.2
clock,PT10M40S,,e7e6fc0a-8897-1d1a-a147-13b23e4ef604,2023-08-24T17:10:40.1,main,,1,,,68,stop,,2023-08-24T17:10:40.1
clock,PT10M40S,,593a8e97-88cf-1415-9554-68932bcde25e,2023-08-24T17:10:40.2,main,,1,,,69,start,,2023-08-24T17:10:40.2
sport,PT10M52S,fea93a14-3952-11ef-a7e0-af5c55c3771d,314c6d64-9e13-12c7-af2c-78542dfac4a6,2023-08-24T17:10:52.1,technicalFault,,1,475802bc-3953-11ef-b101-855e48b08f9c,314c6d64-9e13-12c7-af2c-78542dfac4a6,70,ballFault,,2023-08-24T17:10:52.1
sport,PT10M59S,fe8d1885-3952-11ef-9130-af5c55c3771d,58c25b12-c64e-1637-8cde-ce0293d735ac,2023-08-24T17:10:59.1,goal,"{'attackType': 'FAST_BREAK', 'emptyNet': False, 'goalKeeperId': '44b187b6-3953-11ef-9e2b-855e48b08f9c', 'location': 'CENTRE'}",1,5229986a-3953-11ef-a0a0-a9530db97767,58c25b12-c64e-1637-8cde-ce0293d735ac,71,sixMetre,True,2023-08-24T17:10:59.1
sport,PT10M59S,fe8d1885-3952-11ef-9130-af5c55c3771d,f6fc0ef2-ed11-197b-95ff-525eaee43da4,2023-08-24T17:10:59.2,assist,,1,455ee77d-3953-11ef-ab3e-855e48b08f9c,58c25b12-c64e-1637-8cde-ce0293d735ac,72,,True,2023-08-24T17:10:59.2
sport,PT11M17S,fe8d1885-3952-11ef-9130-af5c55c3771d,a623d9e2-1b17-1020-9e05-3c66030ef71a,2023-08-24T17:11:17.1,yellowCard,,1,513bb541-3953-11ef-a421-a9530db97767,a623d9e2-1b17-1020-9e05-3c66030ef71a,73,,,2023-08-24T17:11:17.1
clock,PT11M18S,,e2a551b6-fc86-135d-80bf-6d15c0b4e92e,2023-08-24T17:11:18.1,main,,1,,,74,stop,,2023-08-24T17:11:18.1
clock,PT11M18S,,b08828c3-a8b6-1bba-a178-e69b8ffdfa7d,2023-08-24T17:11:18.2,main,,1,,,75,start,,2023-08-24T17:11:18.2
clock,PT11M20S,,3a877d75-d975-1c0a-9567-dbae7a61af2e,2023-08-24T17:11:20.1,main,,1,,,76,stop,,2023-08-24T17:11:20.1
clock,PT11M20S,,5747537f-9bb4-1a8a-9a0b-fdc16b3d5083,2023-08-24T17:11:20.2,main,,1,,,77,start,,2023-08-24T17:11:20.2
sport,PT11M32S,fea93a14-3952-11ef-a7e0-af5c55c3771d,1c785cfa-cf0c-1900-acbc-1817b94801bd,2023-08-24T17:11:32.1,goal,"{'emptyNet': False, 'failureReason': 'OFF_TARGET', 'goalKeeperId': 'e834a72e-3954-11ef-8893-0119270b4993', 'location': 'CENTRE'}",1,f79b5dfa-3955-11ef-aa7e-e79bf7b1fa4b,1c785cfa-cf0c-1900-acbc-1817b94801bd,78,nineMetre,False,2023-08-24T17:11:32.1
sport,PT11M49S,fe8d1885-3952-11ef-9130-af5c55c3771d,e8447493-48b3-1226-a418-51567f67a55d,2023-08-24T17:11:49.1,goal,"{'emptyNet': False, 'goalKeeperId': '44b187b6-3953-11ef-9e2b-855e48b08f9c', 'location': 'CENTRE'}",1,8a7e323f-3954-11ef-bdc6-a919af319ee5,e8447493-48b3-1226-a418-51567f67a55d,79,nineMetre,True,2023-08-24T17:11:49.1
sport,PT12M2S,fea93a14-3952-11ef-a7e0-af5c55c3771d,71840063-39bc-11b9-a902-b6938026d263,2023-08-24T17:12:02.1,goal,"{'attackType': 'PIVOT', 'emptyNet': False, 'goalKeeperId': 'e834a72e-3954-11ef-8893-0119270b4993', 'location': 'CENTRE'}",1,4471a641-3953-11ef-8b14-855e48b08f9c,71840063-39bc-11b9-a902-b6938026d263,80,sixMetre,True,2023-08-24T17:12:02.1
sport,PT12M2S,fea93a14-3952-11ef-a7e0-af5c55c3771d,0f3b29a2-351c-12d3-9bc0-2db905b638ae,2023-08-24T17:12:02.2,assist,,1,475802bc-3953-11ef-b101-855e48b08f9c,71840063-39bc-11b9-a902-b6938026d263,81,,True,2023-08-24T17:12:02.2
sport,PT12M10S,fe8d1885-3952-11ef-9130-af5c55c3771d,8e72d20c-3a00-1289-a04d-b211b07aa936,2023-08-24T17:12:10.1,goal,"{'attackType': 'PIVOT', 'emptyNet': False, 'goalKeeperId': '44b187b6-3953-11ef-9e2b-855e48b08f9c', 'location': 'CENTRE'}",1,5229986a-3953-11ef-a0a0-a9530db97767,8e72d20c-3a00-1289-a04d-b211b07aa936,82,sixMetre,True,2023-08-24T17:12:10.1
sport,PT12M10S,fe8d1885-3952-11ef-9130-af5c55c3771d,1dc692f1-6681-1851-8b84-2847c122b0e7,2023-08-24T17:12:10.2,assist,,1,8a7e323f-3954-11ef-bdc6-a919af319ee5,8e72d20c-3a00-1289-a04d-b211b07aa936,83,,True,2023-08-24T17:12:10.2
sport,PT12M18S,fea93a14-3952-11ef-a7e0-af5c55c3771d,8cc8532d-c40d-1bf1-9725-28c1d7286553,2023-08-24T17:12:18.1,goal,"{'attackType': 'BREAK_THROUGH', 'emptyNet': False, 'failureReason': 'OFF_TARGET', 'goalKeeperId': 'e834a72e-3954-11ef-8893-0119270b4993', 'location': 'LEFT'}",1,fe9fc8c6-3954-11ef-b8d2-0d6c0b831129,8cc8532d-c40d-1bf1-9725-28c1d7286553,84,sixMetre,False,2023-08-24T17:12:18.1
sport,PT12M30S,fe8d1885-3952-11ef-9130-af5c55c3771d,a8d86739-5ec1-159e-a54c-517907104dfa,2023-08-24T17:12:30.1,technicalFault,,1,8a7e323f-3954-11ef-bdc6-a919af319ee5,a8d86739-5ec1-159e-a54c-517907104dfa,85,ballFault,,2023-08-24T17:12:30.1
sport,PT12M30S,fea93a14-3952-11ef-a7e0-af5c55c3771d,6cbfad6c-bd7b-14b5-a2c0-7f032d60b6dd,2023-08-24T17:12:30.2,steal,,1,4471a641-3953-11ef-8b14-855e48b08f9c,a8d86739-5ec1-159e-a54c-517907104dfa,86,,,2023-08-24T17:12:30.2
sport,PT12M34S,fea93a14-3952-11ef-a7e0-af5c55c3771d,fce04071-b64d-1b5f-93f4-4c73a6b90d44,2023-08-24T17:12:34.1,goal,"{'attackType': 'FAST_BREAK', 'emptyNet': False, 'goalKeeperId': 'e834a72e-3954-11ef-8893-0119270b4993', 'location': 'CENTRE'}",1,89fe4d53-3954-11ef-b29b-a919af319ee5,fce04071-b64d-1b5f-93f4-4c73a6b90d44,87,sixMetre,True,2023-08-24T17:12:34.1
sport,PT12M34S,fea93a14-3952-11ef-a7e0-af5c55c3771d,4c68cbd8-f9f4-19a9-9e90-f2bca4629ee7,2023-08-24T17:12:34.2,assist,,1,4471a641-3953-11ef-8b14-855e48b08f9c,fce04071-b64d-1b5f-93f4-4c73a6b90d44,88,,True,2023-08-24T17:12:34.2
sport,PT13M12S,fe8d1885-3952-11ef-9130-af5c55c3771d,62432f86-ac43-1443-9930-a93e0b24a483,2023-08-24T17:13:12.1,goal,"{'emptyNet': False, 'goalKeeperId': '44b187b6-3953-11ef-9e2b-855e48b08f9c', 'location': 'LEFT'}",1,c1fb283e-3954-11ef-af2a-791010fc8985,62432f86-ac43-1443-9930-a93e0b24a483,89,sixMetre,True,2023-08-24T17:13:12.1
clock,PT13M17S,,d65b3358-bcc2-141d-a469-529865698949,2023-08-24T17:13:17.1,main,,1,,,90,stop,,2023-08-24T17:13:17.1
clock,PT13M17S,,9e6f556b-e29f-1593-9d86-c1734784827b,2023-08-24T17:13:17.2,main,,1,,,91,start,,2023-08-24T17:13:17.2
sport,PT13M51S,fea93a14-3952-11ef-a7e0-af5c55c3771d,c7e81d3c-45ee-1a47-a6b4-1d1fa77e2cb0,2023-08-24T17:13:51.1,goal,"{'emptyNet': False, 'goalKeeperId': 'e834a72e-3954-11ef-8893-0119270b4993', 'location': 'LEFT'}",1,89fe4d53-3954-11ef-b29b-a919af319ee5,c7e81d3c-45ee-1a47-a6b4-1d1fa77e2cb0,92,wing,True,2023-08-24T17:13:51.1
sport,PT13M51S,fea93a14-3952-11ef-a7e0-af5c55c3771d,964507b0-3b5a-1ddc-aedf-0fad7e1921f0,2023-08-24T17:13:51.2,assist,,1,475802bc-3953-11ef-b101-855e48b08f9c,c7e81d3c-45ee-1a47-a6b4-1d1fa77e2cb0,93,,True,2023-08-24T17:13:51.2
clock,PT14M19S,,98a874c4-412a-1c78-8cdb-ae05be0aede7,2023-08-24T17:14:19.1,main,,1,,,94,stop,,2023-08-24T17:14:19.1
clock,PT14M19S,,87abb4ab-d002-1dff-af75-449b6a237782,2023-08-24T17:14:19.2,main,,1,,,95,start,,2023-08-24T17:14:19.2
sport,PT14M27S,fea93a14-3952-11ef-a7e0-af5c55c3771d,df32d4d3-b5f9-1f5f-a840-25737f8149ab,2023-08-24T17:14:27.1,suspension,,1,475802bc-3953-11ef-b101-855e48b08f9c,df32d4d3-b5f9-1f5f-a840-25737f8149ab,96,twoMinutes,,2023-08-24T17:14:27.1
sport,PT14M31S,fe8d1885-3952-11ef-9130-af5c55c3771d,cb0de9d0-185f-1385-aace-c5d6e6544a91,2023-08-24T17:14:31.1,goal,{'goalKeeperId': '44b187b6-3953-11ef-9e2b-855e48b08f9c'},1,50158fe2-3953-11ef-a039-a9530db97767,cb0de9d0-185f-1385-aace-c5d6e6544a91,97,sevenMetrePenalty,True,2023-08-24T17:14:31.1
sport,PT14M40S,fea93a14-3952-11ef-a7e0-af5c55c3771d,22140a1c-9786-1fd8-a535-cbb9daf35ac9,2023-08-24T17:14:40.1,goalKeeperChange,{'emptyNet': True},1,,22140a1c-9786-1fd8-a535-cbb9daf35ac9,98,,,2023-08-24T17:14:40.1
clock,PT15M22S,,adbd2816-c04d-1288-9b0b-c4a88b414433,2023-08-24T17:15:22.1,main,,1,,,99,stop,,2023-08-24T17:15:22.1
clock,PT15M22S,,5a1d92c1-1982-1a14-a7e2-aa1dba185138,2023-08-24T17:15:22.2,main,,1,,,100,start,,2023-08-24T17:15:22.2
sport,PT15M30S,fea93a14-3952-11ef-a7e0-af5c55c3771d,7cfca188-b1f4-13de-a20f-aebb3294219e,2023-08-24T17:15:30.1,goalKeeperChange,{'emptyNet': False},1,44b187b6-3953-11ef-9e2b-855e48b08f9c,7cfca188-b1f4-13de-a20f-aebb3294219e,101,,,2023-08-24T17:15:30.1
sport,PT15M32S,fea93a14-3952-11ef-a7e0-af5c55c3771d,6d67efd8-f854-1333-ae6c-a96b439c9388,2023-08-24T17:15:32.1,goal,{'goalKeeperId': 'e834a72e-3954-11ef-8893-0119270b4993'},1,4471a641-3953-11ef-8b14-855e48b08f9c,6d67efd8-f854-1333-ae6c-a96b439c9388,102,sevenMetrePenalty,True,2023-08-24T17:15:32.1
sport,PT15M59S,fe8d1885-3952-11ef-9130-af5c55c3771d,c93d5403-dd5a-17e4-8cc1-25aed017fac4,2023-08-24T17:15:59.1,goal,"{'attackType': 'BREAK_THROUGH', 'emptyNet': False, 'goalKeeperId': '44b187b6-3953-11ef-9e2b-855e48b08f9c', 'location': 'RIGHT'}",1,50158fe2-3953-11ef-a039-a9530db97767,c93d5403-dd5a-17e4-8cc1-25aed017fac4,103,sixMetre,True,2023-08-24T17:15:59.1
sport,PT16M4S,fea93a14-3952-11ef-a7e0-af5c55c3771d,c041cf24-e6cf-1758-8dbe-f9809e08e12a,2023-08-24T17:16:04.1,goalKeeperChange,{'emptyNet': True},1,,c041cf24-e6cf-1758-8dbe-f9809e08e12a,104,,,2023-08-24T17:16:04.1
sport,PT16M26S,fea93a14-3952-11ef-a7e0-af5c55c3771d,cabb3025-1dbd-1f9f-a1eb-184eaeefb59e,2023-08-24T17:16:26.1,goalKeeperChange,{'emptyNet': False},1,44b187b6-3953-11ef-9e2b-855e48b08f9c,cabb3025-1dbd-1f9f-a1eb-184eaeefb59e,105,,,2023-08-24T17:16:26.1
sport,PT16M31S,fea93a14-3952-11ef-a7e0-af5c55c3771d,55617469-c37d-1b7f-8351-3700b17346ca,2023-08-24T17:16:31.1,goal,"{'attackType': 'BREAK_THROUGH', 'emptyNet': False, 'failureReason': 'SAVE', 'goalKeeperId': 'e834a72e-3954-11ef-8893-0119270b4993', 'location': 'LEFT'}",1,0f410352-3956-11ef-8c6a-63392ed267d4,55617469-c37d-1b7f-8351-3700b17346ca,106,sixMetre,False,2023-08-24T17:16:31.1
sport,PT17M5S,fe8d1885-3952-11ef-9130-af5c55c3771d,4280f927-1d02-1bfa-ae2e-031d7fadacc7,2023-08-24T17:17:05.1,technicalFault,,1,66f5d7c6-3953-11ef-8f22-2510cc07ea6e,4280f927-1d02-1bfa-ae2e-031d7fadacc7,107,ballFault,,2023-08-24T17:17:05.1
sport,PT17M5S,fea93a14-3952-11ef-a7e0-af5c55c3771d,1a2793b5-df6a-1227-a262-e77f20a9ac89,2023-08-24T17:17:05.2,steal,,1,f24b6a05-3954-11ef-a821-4143a9146400,4280f927-1d02-1bfa-ae2e-031d7fadacc7,108,,,2023-08-24T17:17:05.2
clock,PT17M18S,,5ce4d3c3-67ae-1f3a-9b4e-bbec8f6261ca,2023-08-24T17:17:18.1,main,,1,,,109,stop,,2023-08-24T17:17:18.1
clock,PT17M18S,,6f3a09df-d108-1ea3-a523-4821b95042d7,2023-08-24T17:17:18.2,main,,1,,,110,start,,2023-08-24T17:17:18.2
sport,PT17M22S,fea93a14-3952-11ef-a7e0-af5c55c3771d,a8ad6ae8-12f0-10e2-9c38-1cfdf6e3d9cc,2023-08-24T17:17:22.1,goal,"{'attackType': 'FAST_BREAK', 'emptyNet': False, 'goalKeeperId': 'e834a72e-3954-11ef-8893-0119270b4993', 'location': 'CENTRE'}",1,fe9fc8c6-3954-11ef-b8d2-0d6c0b831129,a8ad6ae8-12f0-10e2-9c38-1cfdf6e3d9cc,111,sixMetre,True,2023-08-24T17:17:22.1
sport,PT17M22S,fea93a14-3952-11ef-a7e0-af5c55c3771d,20914f5b-8523-1152-8f16-b74a9ae6dc78,2023-08-24T17:17:22.2,assist,,1,f2fc1b0a-3954-11ef-ae4a-4143a9146400,a8ad6ae8-12f0-10e2-9c38-1cfdf6e3d9cc,112,,True,2023-08-24T17:17:22.2
sport,PT17M22S,fea93a14-3952-11ef-a7e0-af5c55c3771d,3c4b9e15-aceb-1147-a2e7-fade73e6adbf,2023-08-24T17:17:22.3,yellowCard,,1,89fe4d53-3954-11ef-b29b-a919af319ee5,a8ad6ae8-12f0-10e2-9c38-1cfdf6e3d9cc,113,,,2023-08-24T17:17:22.3
sport,PT17M50S,fe8d1885-3952-11ef-9130-af5c55c3771d,8e3483e7-4a49-1044-9ed0-4a3a0fcd1f3c,2023-08-24T17:17:50.1,goal,"{'attackType': 'BREAK_THROUGH', 'emptyNet': False, 'goalKeeperId': '44b187b6-3953-11ef-9e2b-855e48b08f9c', 'location': 'RIGHT'}",1,66f5d7c6-3953-11ef-8f22-2510cc07ea6e,8e3483e7-4a49-1044-9ed0-4a3a0fcd1f3c,114,sixMetre,True,2023-08-24T17:17:50.1
sport,PT18M25S,fea93a14-3952-11ef-a7e0-af5c55c3771d,faf18dfb-1236-1dd9-a141-abdfe1c92974,2023-08-24T17:18:25.1,goal,"{'emptyNet': False, 'goalKeeperId': 'e834a72e-3954-11ef-8893-0119270b4993', 'location': 'CENTRE'}",1,fe9fc8c6-3954-11ef-b8d2-0d6c0b831129,faf18dfb-1236-1dd9-a141-abdfe1c92974,115,sixMetre,True,2023-08-24T17:18:25.1
sport,PT18M30S,fe8d1885-3952-11ef-9130-af5c55c3771d,ad1fbc63-7aba-1974-a083-0cd81ce798de,2023-08-24T17:18:30.1,goal,"{'attackType': 'PIVOT', 'emptyNet': False, 'goalKeeperId': '44b187b6-3953-11ef-9e2b-855e48b08f9c', 'location': 'CENTRE'}",1,f5f23435-3953-11ef-9360-7f8c67faf7e7,ad1fbc63-7aba-1974-a083-0cd81ce798de,116,sixMetre,True,2023-08-24T17:18:30.1
sport,PT18M30S,fe8d1885-3952-11ef-9130-af5c55c3771d,ebb6ae4e-2900-1e30-9d2f-73095930fc52,2023-08-24T17:18:30.2,assist,,1,c1fb283e-3954-11ef-af2a-791010fc8985,ad1fbc63-7aba-1974-a083-0cd81ce798de,117,,True,2023-08-24T17:18:30.2
clock,PT18M42S,,7f3114df-5a73-10fc-a090-02c73ccf6c9a,2023-08-24T17:18:42.1,main,,1,,,118,stop,,2023-08-24T17:18:42.1
clock,PT18M42S,,8320d507-8c58-1304-93bd-2d944a9dbf7c,2023-08-24T17:18:42.2,main,,1,,,119,start,,2023-08-24T17:18:42.2
sport,PT19M2S,fea93a14-3952-11ef-a7e0-af5c55c3771d,3c4508b9-1b1f-17bf-aeda-d0a50f840570,2023-08-24T17:19:02.1,goal,"{'emptyNet': False, 'failureReason': 'SAVE', 'goalKeeperId': 'e834a72e-3954-11ef-8893-0119270b4993', 'location': 'CENTRE'}",1,fe9fc8c6-3954-11ef-b8d2-0d6c0b831129,3c4508b9-1b1f-17bf-aeda-d0a50f840570,120,nineMetre,False,2023-08-24T17:19:02.1
sport,PT19M8S,fe8d1885-3952-11ef-9130-af5c55c3771d,6a73cc9f-1b16-134b-a2d4-c7fe38b3e959,2023-08-24T17:19:08.1,goal,"{'attackType': 'FAST_BREAK', 'emptyNet': False, 'failureReason': 'OFF_TARGET', 'goalKeeperId': '44b187b6-3953-11ef-9e2b-855e48b08f9c', 'location': 'CENTRE'}",1,0e7ef9b9-3956-11ef-82c8-63392ed267d4,6a73cc9f-1b16-134b-a2d4-c7fe38b3e959,121,nineMetre,False,2023-08-24T17:19:08.1
sport,PT19M23S,fea93a14-3952-11ef-a7e0-af5c55c3771d,09cffe28-9777-1c65-a86a-71653cf9219c,2023-08-24T17:19:23.1,goal,"{'emptyNet': False, 'goalKeeperId': 'e834a72e-3954-11ef-8893-0119270b4993', 'location': 'CENTRE'}",1,fe9fc8c6-3954-11ef-b8d2-0d6c0b831129,09cffe28-9777-1c65-a86a-71653cf9219c,122,sixMetre,True,2023-08-24T17:19:23.1
sport,PT20M7S,fe8d1885-3952-11ef-9130-af5c55c3771d,26b1461f-5b10-16dc-9e78-0df36be8b44f,2023-08-24T17:20:07.1,goal,"{'attackType': 'PIVOT', 'emptyNet': False, 'failureReason': 'SAVE', 'goalKeeperId': '44b187b6-3953-11ef-9e2b-855e48b08f9c', 'location': 'LEFT'}",1,f5f23435-3953-11ef-9360-7f8c67faf7e7,26b1461f-5b10-16dc-9e78-0df36be8b44f,123,sixMetre,False,2023-08-24T17:20:07.1
clock,PT20M8S,,f6d8f5bc-2838-1fcf-afda-7377cc0328bc,2023-08-24T17:20:08.1,main,,1,,,124,stop,,2023-08-24T17:20:08.1
clock,PT20M8S,,3c0628de-6dd6-19f7-a729-b20ac0216093,2023-08-24T17:20:08.2,main,,1,,,125,start,,2023-08-24T17:20:08.2
sport,PT20M35S,fe8d1885-3952-11ef-9130-af5c55c3771d,1c4de188-6d1f-1f24-8b7f-60268bfc56c5,2023-08-24T17:20:35.1,technicalFault,,1,66f5d7c6-3953-11ef-8f22-2510cc07ea6e,1c4de188-6d1f-1f24-8b7f-60268bfc56c5,126,ruleFault,,2023-08-24T17:20:35.1
sport,PT21M12S,fea93a14-3952-11ef-a7e0-af5c55c3771d,4c02018b-e23a-13eb-98b6-3db8d9fc2ab3,2023-08-24T17:21:12.1,goal,"{'attackType': 'BREAK_THROUGH', 'emptyNet': False, 'goalKeeperId': 'e834a72e-3954-11ef-8893-0119270b4993', 'location': 'RIGHT'}",1,f79b5dfa-3955-11ef-aa7e-e79bf7b1fa4b,4c02018b-e23a-13eb-98b6-3db8d9fc2ab3,127,sixMetre,True,2023-08-24T17:21:12.1
clock,PT21M48S,,ac18e9b8-8ac2-1a47-a526-f8452e26086c,2023-08-24T17:21:48.1,main,,1,,,128,stop,,2023-08-24T17:21:48.1
clock,PT21M48S,,2750b14e-dac2-12f0-8a97-ff40addd82c4,2023-08-24T17:21:48.2,main,,1,,,129,start,,2023-08-24T17:21:48.2
sport,PT22M2S,fe8d1885-3952-11ef-9130-af5c55c3771d,c2ea185d-9542-1351-90ae-f2e3a1cca417,2023-08-24T17:22:02.1,goal,"{'emptyNet': False, 'failureReason': 'SAVE', 'goalKeeperId': '44b187b6-3953-11ef-9e2b-855e48b08f9c', 'location': 'RIGHT'}",1,0e79d06e-3956-11ef-aadf-63392ed267d4,c2ea185d-9542-1351-90ae-f2e3a1cca417,130,wing,False,2023-08-24T17:22:02.1
sport,PT22M10S,fea93a14-3952-11ef-a7e0-af5c55c3771d,18a642ca-ae69-1434-9a72-17083388cb84,2023-08-24T17:22:10.1,goal,"{'attackType': 'BREAK_THROUGH', 'emptyNet': False, 'failureReason': 'SAVE', 'goalKeeperId': 'e834a72e-3954-11ef-8893-0119270b4993', 'location': 'LEFT'}",1,c337d3d9-3954-11ef-855f-791010fc8985,18a642ca-ae69-1434-9a72-17083388cb84,131,sixMetre,False,2023-08-24T17:22:10.1
sport,PT22M22S,fe8d1885-3952-11ef-9130-af5c55c3771d,b0a0789a-797d-1ec8-8d75-c7cd26e38c4c,2023-08-24T17:22:22.1,goal,"{'attackType': 'FAST_BREAK', 'emptyNet': False, 'failureReason': 'SAVE', 'goalKeeperId': '44b187b6-3953-11ef-9e2b-855e48b08f9c', 'location': 'LEFT'}",1,0e7ef9b9-3956-11ef-82c8-63392ed267d4,b0a0789a-797d-1ec8-8d75-c7cd26e38c4c,132,sixMetre,False,2023-08-24T17:22:22.1
clock,PT22M32S,,3c93d5ce-2d3b-14fb-87c9-d64f98b04e19,2023-08-24T17:22:32.1,main,,1,,,133,stop,,2023-08-24T17:22:32.1
clock,PT22M32S,,a352dcac-fa23-19bf-9a7a-3dbb796b5c90,2023-08-24T17:22:32.2,main,,1,,,134,start,,2023-08-24T17:22:32.2
clock,PT23M29S,,3d5aa940-9d46-159e-878e-a5d7f16f6289,2023-08-24T17:23:29.1,main,,1,,,135,stop,,2023-08-24T17:23:29.1
sport,PT23M29S,fea93a14-3952-11ef-a7e0-af5c55c3771d,bd82e8d2-cc14-18ae-86e0-93eaa24f23f4,2023-08-24T17:23:29.2,timeOut,,1,,bd82e8d2-cc14-18ae-86e0-93eaa24f23f4,136,team,,2023-08-24T17:23:29.2
clock,PT23M29S,,e9bc7184-96b6-12e5-9fb1-0e6f2d5e1b28,2023-08-24T17:23:29.3,main,,1,,,137,start,,2023-08-24T17:23:29.3
sport,PT23M59S,fea93a14-3952-11ef-a7e0-af5c55c3771d,ce673e79-abdd-185a-9694-9b7017dba048,2023-08-24T17:23:59.1,goal,"{'emptyNet': False, 'failureReason': 'OFF_TARGET', 'goalKeeperId': 'e834a72e-3954-11ef-8893-0119270b4993', 'location': 'RIGHT'}",1,f79b5dfa-3955-11ef-aa7e-e79bf7b1fa4b,ce673e79-abdd-185a-9694-9b7017dba048,138,nineMetre,False,2023-08-24T17:23:59.1
clock,PT24M26S,,a346579c-f096-18cc-91f1-f68bd715a368,2023-08-24T17:24:26.1,main,,1,,,139,stop,,2023-08-24T17:24:26.1
clock,PT24M26S,,b9d5cae8-37da-17c6-ab37-8318683aff28,2023-08-24T17:24:26.2,main,,1,,,140,start,,2023-08-24T17:24:26.2
clock,PT24M47S,,3962d72d-f75f-1846-a143-3b6caf64335b,2023-08-24T17:24:47.1,main,,1,,,141,stop,,2023-08-24T17:24:47.1
clock,PT24M47S,,746a1025-a8eb-1b91-8eb0-f2caa72d09c3,2023-08-24T17:24:47.2,main,,1,,,142,start,,2023-08-24T17:24:47.2
sport,PT24M50S,fea93a14-3952-11ef-a7e0-af5c55c3771d,2be39a74-9093-1778-81f0-7ede347deeaf,2023-08-24T17:24:50.1,suspension,,1,f52ffb1e-3954-11ef-ae6c-4143a9146400,2be39a74-9093-1778-81f0-7ede347deeaf,143,twoMinutes,,2023-08-24T17:24:50.1
sport,PT24M57S,fe8d1885-3952-11ef-9130-af5c55c3771d,c69165a2-1d96-11a8-a55c-860d6d27171f,2023-08-24T17:24:57.1,goal,"{'emptyNet': False, 'goalKeeperId': '44b187b6-3953-11ef-9e2b-855e48b08f9c', 'location': 'LEFT'}",1,8a7e323f-3954-11ef-bdc6-a919af319ee5,c69165a2-1d96-11a8-a55c-860d6d27171f,144,nineMetre,True,2023-08-24T17:24:57.1
sport,PT25M6S,fea93a14-3952-11ef-a7e0-af5c55c3771d,5fdf47ed-5415-16f6-9412-6ac660345339,2023-08-24T17:25:06.1,goalKeeperChange,{'emptyNet': True},1,,5fdf47ed-5415-16f6-9412-6ac660345339,145,,,2023-08-24T17:25:06.1
sport,PT25M45S,fea93a14-3952-11ef-a7e0-af5c55c3771d,ea9121b8-23a6-110a-852d-f597f297fe2d,2023-08-24T17:25:45.1,goalKeeperChange,{'emptyNet': False},1,44b187b6-3953-11ef-9e2b-855e48b08f9c,ea9121b8-23a6-110a-852d-f597f297fe2d,146,,,2023-08-24T17:25:45.1
sport,PT25M56S,fea93a14-3952-11ef-a7e0-af5c55c3771d,253775b9-14c7-1757-a4fd-6caf94435abd,2023-08-24T17:25:56.1,goal,"{'emptyNet': False, 'failureReason': 'SHOT_BLOCKED', 'goalKeeperId': 'e834a72e-3954-11ef-8893-0119270b4993', 'location': 'CENTRE'}",1,0f410352-3956-11ef-8c6a-63392ed267d4,253775b9-14c7-1757-a4fd-6caf94435abd,147,nineMetre,False,2023-08-24T17:25:56.1
sport,PT25M56S,fe8d1885-3952-11ef-9130-af5c55c3771d,0bfd3c5a-de32-149f-8f0f-8cd5833c896c,2023-08-24T17:25:56.2,block,,1,455ee77d-3953-11ef-ab3e-855e48b08f9c,253775b9-14c7-1757-a4fd-6caf94435abd,148,,True,2023-08-24T17:25:56.2
sport,PT26M21S,fe8d1885-3952-11ef-9130-af5c55c3771d,24f9618a-4044-1d19-a161-d6eb24ae04d6,2023-08-24T17:26:21.1,goal,"{'attackType': 'PIVOT', 'emptyNet': False, 'goalKeeperId': '44b187b6-3953-11ef-9e2b-855e48b08f9c', 'location': 'CENTRE'}",1,66f5d7c6-3953-11ef-8f22-2510cc07ea6e,24f9618a-4044-1d19-a161-d6eb24ae04d6,149,sixMetre,True,2023-08-24T17:26:21.1
sport,PT26M21S,fe8d1885-3952-11ef-9130-af5c55c3771d,7c2ebb81-7f47-18a0-9dd3-698885e66501,2023-08-24T17:26:21.2,assist,,1,513bb541-3953-11ef-a421-a9530db97767,24f9618a-4044-1d19-a161-d6eb24ae04d6,150,,True,2023-08-24T17:26:21.2
sport,PT26M26S,fea93a14-3952-11ef-a7e0-af5c55c3771d,15204210-6ebf-19ef-9bf9-fc2a494a9f82,2023-08-24T17:26:26.1,goalKeeperChange,{'emptyNet': True},1,,15204210-6ebf-19ef-9bf9-fc2a494a9f82,151,,,2023-08-24T17:26:26.1
sport,PT26M51S,fea93a14-3952-11ef-a7e0-af5c55c3771d,54a130f2-d097-12d3-8eb1-14e5de49fc62,2023-08-24T17:26:51.1,goalKeeperChange,{'emptyNet': False},1,44b187b6-3953-11ef-9e2b-855e48b08f9c,54a130f2-d097-12d3-8eb1-14e5de49fc62,152,,,2023-08-24T17:26:51.1
clock,PT27M9S,,aa61bdc8-11b6-1310-a319-602b646de53b,2023-08-24T17:27:09.1,main,,1,,,153,stop,,2023-08-24T17:27:09.1
clock,PT27M9S,,8a2412d2-0e97-109d-8692-caae4ac274c6,2023-08-24T17:27:09.2,main,,1,,,154,start,,2023-08-24T17:27:09.2
clock,PT27M22S,,e4e303ba-9ee7-14ca-81c4-9af49b221f75,2023-08-24T17:27:22.1,main,,1,,,155,stop,,2023-08-24T17:27:22.1
clock,PT27M22S,,387961ae-6bc7-188a-991b-f2faee87327c,2023-08-24T17:27:22.2,main,,1,,,156,start,,2023-08-24T17:27:22.2
sport,PT27M34S,fea93a14-3952-11ef-a7e0-af5c55c3771d,22c511bb-046a-11bd-9b30-069dbe721847,2023-08-24T17:27:34.1,goal,{'goalKeeperId': 'e834a72e-3954-11ef-8893-0119270b4993'},1,4471a641-3953-11ef-8b14-855e48b08f9c,22c511bb-046a-11bd-9b30-069dbe721847,157,sevenMetrePenalty,True,2023-08-24T17:27:34.1
sport,PT28M2S,fe8d1885-3952-11ef-9130-af5c55c3771d,b9ec9541-05b8-1b2c-92f3-2f536646d7c5,2023-08-24T17:28:02.1,goal,"{'emptyNet': False, 'failureReason': 'BAR', 'goalKeeperId': '44b187b6-3953-11ef-9e2b-855e48b08f9c', 'location': 'CENTRE'}",1,8a7e323f-3954-11ef-bdc6-a919af319ee5,b9ec9541-05b8-1b2c-92f3-2f536646d7c5,158,nineMetre,False,2023-08-24T17:28:02.1
sport,PT28M29S,fea93a14-3952-11ef-a7e0-af5c55c3771d,a7e969da-ed36-14f7-a5b2-f7d1a378945e,2023-08-24T17:28:29.1,technicalFault,,1,f2fc1b0a-3954-11ef-ae4a-4143a9146400,a7e969da-ed36-14f7-a5b2-f7d1a378945e,159,ruleFault,,2023-08-24T17:28:29.1
sport,PT29M3S,fe8d1885-3952-11ef-9130-af5c55c3771d,bf7f8de6-8a65-1b2c-a7b9-5a4199f66ddb,2023-08-24T17:29:03.1,goal,"{'attackType': 'PIVOT', 'emptyNet': False, 'failureReason': 'SAVE', 'goalKeeperId': '44b187b6-3953-11ef-9e2b-855e48b08f9c', 'location': 'CENTRE'}",1,f5f23435-3953-11ef-9360-7f8c67faf7e7,bf7f8de6-8a65-1b2c-a7b9-5a4199f66ddb,160,sixMetre,False,2023-08-24T17:29:03.1
clock,PT29M20S,,1e48703b-5394-1819-90df-d8b706374fd9,2023-08-24T17:29:20.1,main,,1,,,161,stop,,2023-08-24T17:29:20.1
clock,PT29M20S,,1c6d4bd1-f9b3-1e85-a034-abce9fcd5dda,2023-08-24T17:29:20.2,main,,1,,,162,start,,2023-08-24T17:29:20.2
sport,PT29M47S,fea93a14-3952-11ef-a7e0-af5c55c3771d,583422ff-330c-1a54-9352-a4afae51ff69,2023-08-24T17:29:47.1,goal,"{'attackType': 'BREAK_THROUGH', 'emptyNet': False, 'failureReason': 'SAVE', 'goalKeeperId': 'e834a72e-3954-11ef-8893-0119270b4993', 'location': 'CENTRE'}",1,c337d3d9-3954-11ef-855f-791010fc8985,583422ff-330c-1a54-9352-a4afae51ff69,163,sixMetre,False,2023-08-24T17:29:47.1
clock,PT29M51S,,35d966e9-e794-1be1-afc4-a9d553e8c58c,2023-08-24T17:29:51.1,main,,1,,,164,stop,,2023-08-24T17:29:51.1
clock,PT29M51S,,b453ab97-8583-1df3-aacf-87c2133bd92d,2023-08-24T17:29:51.2,main,,1,,,165,start,,2023-08-24T17:29:51.2
clock,PT29M53S,,cc7ddd91-e3a1-1a4f-9bdb-87eca873f06d,2023-08-24T17:29:53.1,main,,1,,,166,stop,,2023-08-24T17:29:53.1
clock,PT29M53S,,ce2f3778-423e-1dd5-981a-282889b4c8cd,2023-08-24T17:29:53.2,main,,1,,,167,start,,2023-08-24T17:29:53.2
clock,PT29M59S,,d9515053-ef29-161e-93fe-95d4c3a18067,2023-08-24T17:29:59.1,main,,1,,,168,stop,,2023-08-24T17:29:59.1
clock,PT30M0S,,beee24e5-8521-1e5e-95c7-1461ed814fc4,2023-08-24T17:30:00.1,main,,1,,,169,start,,2023-08-24T17:30:00.1
sport,PT30M0S,fe8d1885-3952-11ef-9130-af5c55c3771d,c4975a15-0637-1e08-9669-b13b07710e12,2023-08-24T17:30:00.2,technicalFault,,1,66f5d7c6-3953-11ef-8f22-2510cc07ea6e,c4975a15-0637-1e08-9669-b13b07710e12,170,ballFault,,2023-08-24T17:30:00.2
sport,PT30M0S,,940bdfbb-6115-1d06-ae14-d6506d3c86e8,2023-08-24T17:30:00.3,period,,1,,,171,end,,2023-08-24T17:30:00.3
sport,PT30M0S,,c30601ab-7310-1d07-9699-8ed17c0b0f5b,2023-08-24T17:30:00.4,period,,1,,,172,confirmed,,2023-08-24T17:30:00.4
sport,PT0M0S,,a77fd0ee-8f5a-1ede-8b3d-79225f739c0d,2023-08-24T17:30:00.5,period,,2,,,173,pending,,2023-08-24T17:30:00.5
sport,PT0M0S,,955f152c-c7fd-1be3-8fe0-9d7f73a7c4c0,2023-08-24T17:30:00.6,period,,2,,,174,start,,2023-08-24T17:30:00.6
clock,PT0M0S,,80fcad3e-197a-13f5-a9a9-50189d0ab213,2023-08-24T17:30:00.7,main,,2,,,175,start,,2023-08-24T17:30:00.7
clock,PT0M39S,,2762c4ab-c026-1a90-818c-bd6d7158eeec,2023-08-24T17:30:39.1,main,,2,,,176,stop,,2023-08-24T17:30:39.1
clock,PT0M39S,,fc6e895e-d583-1c14-8701-a9ab202f839b,2023-08-24T17:30:39.2,main,,2,,,177,start,,2023-08-24T17:30:39.2
sport,PT0M57S,fe8d1885-3952-11ef-9130-af5c55c3771d,0fbd0d62-42fc-1f30-a1d2-3e51852d01a1,2023-08-24T17:30:57.1,goal,"{'emptyNet': False, 'failureReason': 'SAVE', 'goalKeeperId': '44b187b6-3953-11ef-9e2b-855e48b08f9c', 'location': 'RIGHT'}",2,513bb541-3953-11ef-a421-a9530db97767,0fbd0d62-42fc-1f30-a1d2-3e51852d01a1,178,nineMetre,False,2023-08-24T17:30:57.1
sport,PT1M31S,fea93a14-3952-11ef-a7e0-af5c55c3771d,f60b1212-da9c-1fc5-86b6-51ffd89f8020,2023-08-24T17:31:31.1,technicalFault,,2,475802bc-3953-11ef-b101-855e48b08f9c,f60b1212-da9c-1fc5-86b6-51ffd89f8020,179,ballFault,,2023-08-24T17:31:31.1
sport,PT1M31S,fe8d1885-3952-11ef-9130-af5c55c3771d,fc7503f9-3525-1912-9649-573c6328d87c,2023-08-24T17:31:31.2,steal,,2,455ee77d-3953-11ef-ab3e-855e48b08f9c,f60b1212-da9c-1fc5-86b6-51ffd89f8020,180,,,2023-08-24T17:31:31.2
sport,PT1M32S,fe8d1885-3952-11ef-9130-af5c55c3771d,7e6e955a-4e31-127e-82aa-7b7afbfda487,2023-08-24T17:31:32.1,goal,"{'attackType': 'FAST_BREAK', 'emptyNet': False, 'goalKeeperId': '44b187b6-3953-11ef-9e2b-855e48b08f9c', 'location': 'CENTRE'}",2,455ee77d-3953-11ef-ab3e-855e48b08f9c,7e6e955a-4e31-127e-82aa-7b7afbfda487,181,sixMetre,True,2023-08-24T17:31:32.1
sport,PT2M30S,fea93a14-3952-11ef-a7e0-af5c55c3771d,5f896fa6-1f76-1971-a447-9495927968c3,2023-08-24T17:32:30.1,goal,"{'attackType': 'PIVOT', 'emptyNet': False, 'failureReason': 'SAVE', 'goalKeeperId': 'e834a72e-3954-11ef-8893-0119270b4993', 'location': 'CENTRE'}",2,89fe4d53-3954-11ef-b29b-a919af319ee5,5f896fa6-1f76-1971-a447-9495927968c3,182,sixMetre,False,2023-08-24T17:32:30.1
clock,PT2M44S,,59b33903-4220-14b3-8fdb-d214e06f6625,2023-08-24T17:32:44.1,main,,2,,,183,stop,,2023-08-24T17:32:44.1
clock,PT2M44S,,13eda307-c32e-1b04-904f-2c354f00e4c1,2023-08-24T17:32:44.2,main,,2,,,184,start,,2023-08-24T17:32:44.2
sport,PT2M55S,fe8d1885-3952-11ef-9130-af5c55c3771d,01639460-371d-1525-8b6a-628b2e5376d4,2023-08-24T17:32:55.1,goal,"{'emptyNet': False, 'goalKeeperId': '44b187b6-3953-11ef-9e2b-855e48b08f9c', 'location': 'LEFT'}",2,8a7e323f-3954-11ef-bdc6-a919af319ee5,01639460-371d-1525-8b6a-628b2e5376d4,185,nineMetre,True,2023-08-24T17:32:55.1
sport,PT3M9S,fea93a14-3952-11ef-a7e0-af5c55c3771d,5bd5bb27-01cb-1dba-ae28-4993dc100fed,2023-08-24T17:33:09.1,technicalFault,,2,475802bc-3953-11ef-b101-855e48b08f9c,5bd5bb27-01cb-1dba-ae28-4993dc100fed,186,ballFault,,2023-08-24T17:33:09.1
sport,PT3M9S,fe8d1885-3952-11ef-9130-af5c55c3771d,d34c4d0b-24d7-138a-8200-9f09151988d2,2023-08-24T17:33:09.2,steal,,2,455ee77d-3953-11ef-ab3e-855e48b08f9c,5bd5bb27-01cb-1dba-ae28-4993dc100fed,187,,,2023-08-24T17:33:09.2
sport,PT3M15S,fe8d1885-3952-11ef-9130-af5c55c3771d,140884e6-5f99-11cb-a653-4f04f0785496,2023-08-24T17:33:15.1,technicalFault,,2,5229986a-3953-11ef-a0a0-a9530db97767,140884e6-5f99-11cb-a653-4f04f0785496,188,ballFault,,2023-08-24T17:33:15.1
sport,PT3M15S,fea93a14-3952-11ef-a7e0-af5c55c3771d,a44b87c9-da61-15be-ad15-d6e4ce27f0de,2023-08-24T17:33:15.2,steal,,2,fe9fc8c6-3954-11ef-b8d2-0d6c0b831129,140884e6-5f99-11cb-a653-4f04f0785496,189,,,2023-08-24T17:33:15.2
sport,PT3M27S,fea93a14-3952-11ef-a7e0-af5c55c3771d,602f1c21-c7cc-11ad-8c3c-ab2c67d3f303,2023-08-24T17:33:27.1,goal,"{'emptyNet': False, 'goalKeeperId': 'e834a72e-3954-11ef-8893-0119270b4993', 'location': 'LEFT'}",2,475802bc-3953-11ef-b101-855e48b08f9c,602f1c21-c7cc-11ad-8c3c-ab2c67d3f303,190,sixMetre,True,2023-08-24T17:33:27.1
clock,PT3M35S,,f25656e7-930a-1a99-ac23-a9ca4c3d6f25,2023-08-24T17:33:35.1,main,,2,,,191,stop,,2023-08-24T17:33:35.1
clock,PT3M35S,,197f8f5b-7633-132f-aae7-19290436c825,2023-08-24T17:33:35.2,main,,2,,,192,start,,2023-08-24T17:33:35.2
sport,PT3M49S,fe8d1885-3952-11ef-9130-af5c55c3771d,93a33ec0-5747-1759-a9e1-10b907afd3d2,2023-08-24T17:33:49.1,goal,"{'attackType': 'BREAK_THROUGH', 'emptyNet': False, 'goalKeeperId': '44b187b6-3953-11ef-9e2b-855e48b08f9c', 'location': 'LEFT'}",2,8a7e323f-3954-11ef-bdc6-a919af319ee5,93a33ec0-5747-1759-a9e1-10b907afd3d2,193,sixMetre,True,2023-08-24T17:33:49.1
clock,PT4M6S,,cba5a625-f26b-16b5-8b1c-2f9e37b0e899,2023-08-24T17:34:06.1,main,,2,,,194,stop,,2023-08-24T17:34:06.1
clock,PT4M6S,,c9c595f4-0922-1baf-ac40-7a6c2e9166a8,2023-08-24T17:34:06.2,main,,2,,,195,start,,2023-08-24T17:34:06.2
sport,PT4M20S,fe8d1885-3952-11ef-9130-af5c55c3771d,2122f004-b769-1cb7-8c15-91ba9517eebe,2023-08-24T17:34:20.1,suspension,,2,513bb541-3953-11ef-a421-a9530db97767,2122f004-b769-1cb7-8c15-91ba9517eebe,196,twoMinutes,,2023-08-24T17:34:20.1
clock,PT4M24S,,262dbc45-2931-1cf7-9134-999cfe6b5514,2023-08-24T17:34:24.1,main,,2,,,197,stop,,2023-08-24T17:34:24.1
clock,PT4M24S,,f12f520e-d0e8-1630-aa94-b9267918b397,2023-08-24T17:34:24.2,main,,2,,,198,start,,2023-08-24T17:34:24.2
sport,PT4M47S,fe8d1885-3952-11ef-9130-af5c55c3771d,1a0a8b8c-7165-11ba-8c22-6bccd9d49914,2023-08-24T17:34:47.1,goalKeeperChange,{'emptyNet': True},2,,1a0a8b8c-7165-11ba-8c22-6bccd9d49914,199,,,2023-08-24T17:34:47.1
sport,PT5M32S,fea93a14-3952-11ef-a7e0-af5c55c3771d,38139f0a-db8d-15e3-a1a3-58a859c61712,2023-08-24T17:35:32.1,goal,"{'attackType': 'BREAK_THROUGH', 'emptyNet': True, 'location': 'LEFT'}",2,fe9fc8c6-3954-11ef-b8d2-0d6c0b831129,38139f0a-db8d-15e3-a1a3-58a859c61712,200,sixMetre,True,2023-08-24T17:35:32.1
sport,PT5M33S,fe8d1885-3952-11ef-9130-af5c55c3771d,860632a7-58a7-120e-801c-f12c99541ea8,2023-08-24T17:35:33.1,goalKeeperChange,{'emptyNet': False},2,e834a72e-3954-11ef-8893-0119270b4993,860632a7-58a7-120e-801c-f12c99541ea8,201,,,2023-08-24T17:35:33.1
clock,PT5M34S,,101f9f8b-7158-1797-81c9-9cb9a60e2dd9,2023-08-24T17:35:34.1,main,,2,,,202,stop,,2023-08-24T17:35:34.1
clock,PT5M34S,,94633c68-a62e-17d7-aca6-9d00a8ae658b,2023-08-24T17:35:34.2,main,,2,,,203,start,,2023-08-24T17:35:34.2
sport,PT5M39S,fe8d1885-3952-11ef-9130-af5c55c3771d,4976e688-7a6d-14a0-8c40-2564cebcfe6b,2023-08-24T17:35:39.1,goal,"{'emptyNet': False, 'failureReason': 'SHOT_BLOCKED', 'goalKeeperId': '44b187b6-3953-11ef-9e2b-855e48b08f9c', 'location': 'CENTRE'}",2,0e7ef9b9-3956-11ef-82c8-63392ed267d4,4976e688-7a6d-14a0-8c40-2564cebcfe6b,204,nineMetre,False,2023-08-24T17:35:39.1
sport,PT5M39S,fea93a14-3952-11ef-a7e0-af5c55c3771d,b6a9c295-663d-11a2-a122-8880099ba6cd,2023-08-24T17:35:39.2,block,,2,475802bc-3953-11ef-b101-855e48b08f9c,4976e688-7a6d-14a0-8c40-2564cebcfe6b,205,,True,2023-08-24T17:35:39.2
sport,PT5M47S,fe8d1885-3952-11ef-9130-af5c55c3771d,81c498df-ac70-111d-a542-949a9ce99b1d,2023-08-24T17:35:47.1,goal,"{'attackType': 'PIVOT', 'emptyNet': False, 'goalKeeperId': '44b187b6-3953-11ef-9e2b-855e48b08f9c', 'location': 'CENTRE'}",2,e9161b82-3954-11ef-af2c-0119270b4993,81c498df-ac70-111d-a542-949a9ce99b1d,206,sixMetre,True,2023-08-24T17:35:47.1
sport,PT5M47S,fe8d1885-3952-11ef-9130-af5c55c3771d,07870bfb-773f-151d-a87b-5f0e43a27d21,2023-08-24T17:35:47.2,assist,,2,458c7c77-3953-11ef-b1d0-855e48b08f9c,81c498df-ac70-111d-a542-949a9ce99b1d,207,,True,2023-08-24T17:35:47.2
sport,PT6M8S,fea93a14-3952-11ef-a7e0-af5c55c3771d,c1b7209c-7788-1526-8004-cc83c0753729,2023-08-24T17:36:08.1,goal,"{'attackType': 'BREAK_THROUGH', 'emptyNet': False, 'failureReason': 'SAVE', 'goalKeeperId': 'e834a72e-3954-11ef-8893-0119270b4993', 'location': 'CENTRE'}",2,475802bc-3953-11ef-b101-855e48b08f9c,c1b7209c-7788-1526-8004-cc83c0753729,208,sixMetre,False,2023-08-24T17:36:08.1
sport,PT6M12S,fea93a14-3952-11ef-a7e0-af5c55c3771d,9c166cab-60f6-1cc0-94f3-a58fe735311b,2023-08-24T17:36:12.1,suspension,,2,4471a641-3953-11ef-8b14-855e48b08f9c,9c166cab-60f6-1cc0-94f3-a58fe735311b,209,twoMinutes,,2023-08-24T17:36:12.1
clock,PT6M14S,,248566f4-660a-1771-9787-501933e1c4ef,2023-08-24T17:36:14.1,main,,2,,,210,stop,,2023-08-24T17:36:14.1
clock,PT6M14S,,b68178c7-1b2e-1217-a2cd-e557e04d7eb5,2023-08-24T17:36:14.2,main,,2,,,211,start,,2023-08-24T17:36:14.2
clock,PT6M14S,,49f6f09f-8fa0-1000-9bf4-7d2d4f48a791,2023-08-24T17:36:14.3,main,,2,,,212,start,,2023-08-24T17:36:14.3
sport,PT6M15S,fe8d1885-3952-11ef-9130-af5c55c3771d,8e7b00c5-0708-11d9-8ecd-d737629f0fb6,2023-08-24T17:36:15.1,goal,{'goalKeeperId': '44b187b6-3953-11ef-9e2b-855e48b08f9c'},2,50158fe2-3953-11ef-a039-a9530db97767,8e7b00c5-0708-11d9-8ecd-d737629f0fb6,213,sevenMetrePenalty,True,2023-08-24T17:36:15.1
sport,PT6M24S,fea93a14-3952-11ef-a7e0-af5c55c3771d,08a94aeb-56b5-1b22-980c-0181a2966e57,2023-08-24T17:36:24.1,goalKeeperChange,{'emptyNet': True},2,,08a94aeb-56b5-1b22-980c-0181a2966e57,214,,,2023-08-24T17:36:24.1
clock,PT6M29S,,109e4c27-4b3c-1543-80ff-af704b50ade1,2023-08-24T17:36:29.1,main,,2,,,215,stop,,2023-08-24T17:36:29.1
clock,PT6M29S,,8ac5b645-e4ca-1882-ace3-55104d783a7e,2023-08-24T17:36:29.2,main,,2,,,216,start,,2023-08-24T17:36:29.2
sport,PT6M48S,fea93a14-3952-11ef-a7e0-af5c55c3771d,06dd5f78-c93b-1e6c-9a9b-be90c9e6d903,2023-08-24T17:36:48.1,goalKeeperChange,{'emptyNet': False},2,44b187b6-3953-11ef-9e2b-855e48b08f9c,06dd5f78-c93b-1e6c-9a9b-be90c9e6d903,217,,,2023-08-24T17:36:48.1
clock,PT6M56S,,8fb24be7-71c2-144a-accc-be8b66dea341,2023-08-24T17:36:56.1,main,,2,,,218,stop,,2023-08-24T17:36:56.1
sport,PT6M56S,fea93a14-3952-11ef-a7e0-af5c55c3771d,39de969f-a556-190b-a5f2-5191f686b379,2023-08-24T17:36:56.2,timeOut,,2,,39de969f-a556-190b-a5f2-5191f686b379,219,team,,2023-08-24T17:36:56.2
clock,PT6M56S,,9cb418f4-061f-196b-8454-bf7b6ba41d0d,2023-08-24T17:36:56.3,main,,2,,,220,start,,2023-08-24T17:36:56.3
sport,PT7M14S,fea93a14-3952-11ef-a7e0-af5c55c3771d,ae57bf41-99f3-12b2-a7ea-43280ee554d6,2023-08-24T17:37:14.1,goal,"{'emptyNet': False, 'goalKeeperId': 'e834a72e-3954-11ef-8893-0119270b4993', 'location': 'CENTRE'}",2,f9821870-3955-11ef-8ff7-e79bf7b1fa4b,ae57bf41-99f3-12b2-a7ea-43280ee554d6,221,nineMetre,True,2023-08-24T17:37:14.1
sport,PT7M19S,fe8d1885-3952-11ef-9130-af5c55c3771d,edef7965-7542-11a4-9be3-9766ab8a47b8,2023-08-24T17:37:19.1,goal,"{'emptyNet': False, 'failureReason': 'SAVE', 'goalKeeperId': '44b187b6-3953-11ef-9e2b-855e48b08f9c', 'location': 'CENTRE'}",2,0e7ef9b9-3956-11ef-82c8-63392ed267d4,edef7965-7542-11a4-9be3-9766ab8a47b8,222,nineMetre,False,2023-08-24T17:37:19.1
clock,PT7M25S,,69b700d6-e5c7-1231-a5bf-9c56762aedf5,2023-08-24T17:37:25.1,main,,2,,,223,stop,,2023-08-24T17:37:25.1
sport,PT7M25S,fea93a14-3952-11ef-a7e0-af5c55c3771d,591b7168-e7fe-1585-822c-68d8b17f37c4,2023-08-24T17:37:25.2,goalKeeperChange,{'emptyNet': True},2,,591b7168-e7fe-1585-822c-68d8b17f37c4,224,,,2023-08-24T17:37:25.2
clock,PT7M25S,,6ac291ac-34d9-13fd-97b4-f999bc159122,2023-08-24T17:37:25.3,main,,2,,,225,start,,2023-08-24T17:37:25.3
sport,PT7M54S,fea93a14-3952-11ef-a7e0-af5c55c3771d,a736626c-8957-1f73-8959-82615e64eddb,2023-08-24T17:37:54.1,goalKeeperChange,{'emptyNet': False},2,44b187b6-3953-11ef-9e2b-855e48b08f9c,a736626c-8957-1f73-8959-82615e64eddb,226,,,2023-08-24T17:37:54.1
sport,PT7M57S,fea93a14-3952-11ef-a7e0-af5c55c3771d,20269c97-f606-153b-9904-852cfeabac54,2023-08-24T17:37:57.1,goal,"{'emptyNet': False, 'failureReason': 'SAVE', 'goalKeeperId': 'e834a72e-3954-11ef-8893-0119270b4993', 'location': 'CENTRE'}",2,f2fc1b0a-3954-11ef-ae4a-4143a9146400,20269c97-f606-153b-9904-852cfeabac54,227,nineMetre,False,2023-08-24T17:37:57.1
sport,PT7M57S,fea93a14-3952-11ef-a7e0-af5c55c3771d,c72397c3-3de2-1bf3-80a1-622841d69a60,2023-08-24T17:37:57.2,goal,"{'attackType': 'PIVOT', 'emptyNet': False, 'goalKeeperId': 'e834a72e-3954-11ef-8893-0119270b4993', 'location': 'CENTRE'}",2,f24b6a05-3954-11ef-a821-4143a9146400,20269c97-f606-153b-9904-852cfeabac54,228,sixMetre,True,2023-08-24T17:37:57.2
sport,PT8M17S,fea93a14-3952-11ef-a7e0-af5c55c3771d,d77735fe-581f-1e24-8aa8-41947e8c99c4,2023-08-24T17:38:17.1,goalKeeperChange,{'emptyNet': False},2,0f46dff5-3956-11ef-bcc8-63392ed267d4,d77735fe-581f-1e24-8aa8-41947e8c99c4,229,,,2023-08-24T17:38:17.1
sport,PT8M25S,fe8d1885-3952-11ef-9130-af5c55c3771d,86c91cdf-b39d-1587-911c-aeb6e1f94c74,2023-08-24T17:38:25.1,goal,"{'failureReason': 'SAVE', 'goalKeeperId': '0f46dff5-3956-11ef-bcc8-63392ed267d4'}",2,50158fe2-3953-11ef-a039-a9530db97767,86c91cdf-b39d-1587-911c-aeb6e1f94c74,230,sevenMetrePenalty,False,2023-08-24T17:38:25.1
clock,PT8M28S,,ae6f58c6-34da-16f7-8a7d-e5d07068cf38,2023-08-24T17:38:28.1,main,,2,,,231,stop,,2023-08-24T17:38:28.1
clock,PT8M28S,,bfbd2942-6db9-1f17-8e0b-d1221d894de2,2023-08-24T17:38:28.2,main,,2,,,232,start,,2023-08-24T17:38:28.2
sport,PT8M40S,fea93a14-3952-11ef-a7e0-af5c55c3771d,e07c6726-63be-1f4f-a1ab-572624203ece,2023-08-24T17:38:40.1,goalKeeperChange,{'emptyNet': False},2,44b187b6-3953-11ef-9e2b-855e48b08f9c,e07c6726-63be-1f4f-a1ab-572624203ece,233,,,2023-08-24T17:38:40.1
sport,PT9M9S,fea93a14-3952-11ef-a7e0-af5c55c3771d,472c864c-3ade-1b24-8634-fe24e84a797c,2023-08-24T17:39:09.1,goal,"{'emptyNet': False, 'goalKeeperId': 'e834a72e-3954-11ef-8893-0119270b4993', 'location': 'LEFT'}",2,f9821870-3955-11ef-8ff7-e79bf7b1fa4b,472c864c-3ade-1b24-8634-fe24e84a797c,234,nineMetre,True,2023-08-24T17:39:09.1
sport,PT9M46S,fe8d1885-3952-11ef-9130-af5c55c3771d,f639d6f4-6401-1a00-a0af-88e185ff61d2,2023-08-24T17:39:46.1,goal,"{'attackType': 'PIVOT', 'emptyNet': False, 'goalKeeperId': '44b187b6-3953-11ef-9e2b-855e48b08f9c', 'location': 'LEFT'}",2,5229986a-3953-11ef-a0a0-a9530db97767,f639d6f4-6401-1a00-a0af-88e185ff61d2,235,sixMetre,True,2023-08-24T17:39:46.1
sport,PT9M46S,fe8d1885-3952-11ef-9130-af5c55c3771d,e87b701d-d8c8-15cf-80eb-0d817a01371b,2023-08-24T17:39:46.2,assist,,2,8a7e323f-3954-11ef-bdc6-a919af319ee5,f639d6f4-6401-1a00-a0af-88e185ff61d2,236,,True,2023-08-24T17:39:46.2
sport,PT10M36S,fea93a14-3952-11ef-a7e0-af5c55c3771d,864a971f-cc6b-1a74-9ab4-dd54b495044f,2023-08-24T17:40:36.1,goal,"{'attackType': 'BREAK_THROUGH', 'emptyNet': False, 'failureReason': 'SAVE', 'goalKeeperId': 'e834a72e-3954-11ef-8893-0119270b4993', 'location': 'CENTRE'}",2,475802bc-3953-11ef-b101-855e48b08f9c,864a971f-cc6b-1a74-9ab4-dd54b495044f,237,sixMetre,False,2023-08-24T17:40:36.1
sport,PT10M56S,fe8d1885-3952-11ef-9130-af5c55c3771d,d894d377-87e6-1eb5-a086-107c6f034c11,2023-08-24T17:40:56.1,goal,"{'emptyNet': False, 'goalKeeperId': '44b187b6-3953-11ef-9e2b-855e48b08f9c', 'location': 'LEFT'}",2,458c7c77-3953-11ef-b1d0-855e48b08f9c,d894d377-87e6-1eb5-a086-107c6f034c11,238,wing,True,2023-08-24T17:40:56.1
sport,PT10M56S,fe8d1885-3952-11ef-9130-af5c55c3771d,5b91da02-a68c-1263-8cbc-6bd1425356c4,2023-08-24T17:40:56.2,assist,,2,455ee77d-3953-11ef-ab3e-855e48b08f9c,d894d377-87e6-1eb5-a086-107c6f034c11,239,,True,2023-08-24T17:40:56.2
clock,PT11M6S,,01e965b9-385b-121e-8546-40a20f838f48,2023-08-24T17:41:06.1,main,,2,,,240,stop,,2023-08-24T17:41:06.1
clock,PT11M6S,,1947e53b-36c5-14d3-a07b-ba6013f5b351,2023-08-24T17:41:06.2,main,,2,,,241,start,,2023-08-24T17:41:06.2
clock,PT11M16S,,2c931e38-4b62-14ea-80fa-d79b6a7cc60c,2023-08-24T17:41:16.1,main,,2,,,242,stop,,2023-08-24T17:41:16.1
clock,PT11M16S,,5452fe42-5b23-1b73-9de1-d61a1facff10,2023-08-24T17:41:16.2,main,,2,,,243,start,,2023-08-24T17:41:16.2
clock,PT11M30S,,21471e47-acaf-1c3e-807c-1c32e654bb11,2023-08-24T17:41:30.1,main,,2,,,244,stop,,2023-08-24T17:41:30.1
clock,PT11M30S,,aea48dea-f8e5-1452-90d2-5d101d0b6175,2023-08-24T17:41:30.2,main,,2,,,245,start,,2023-08-24T17:41:30.2
sport,PT11M30S,fe8d1885-3952-11ef-9130-af5c55c3771d,488580d6-a5da-133f-a801-3133de8128fb,2023-08-24T17:41:30.3,suspension,,2,455ee77d-3953-11ef-ab3e-855e48b08f9c,488580d6-a5da-133f-a801-3133de8128fb,246,twoMinutes,,2023-08-24T17:41:30.3
clock,PT11M30S,,75b8a6f7-3322-12a8-9477-490ae0ecf023,2023-08-24T17:41:30.4,main,,2,,,247,start,,2023-08-24T17:41:30.4
sport,PT11M50S,fea93a14-3952-11ef-a7e0-af5c55c3771d,c305c0b2-06d0-19ba-ae2a-3e5a6e695285,2023-08-24T17:41:50.1,technicalFault,,2,475802bc-3953-11ef-b101-855e48b08f9c,c305c0b2-06d0-19ba-ae2a-3e5a6e695285,248,ballFault,,2023-08-24T17:41:50.1
sport,PT12M1S,fe8d1885-3952-11ef-9130-af5c55c3771d,35f25b5f-ca7d-1f40-8a26-ccd21ec9d540,2023-08-24T17:42:01.1,goalKeeperChange,{'emptyNet': True},2,,35f25b5f-ca7d-1f40-8a26-ccd21ec9d540,249,,,2023-08-24T17:42:01.1
clock,PT12M5S,,4e0ba4ed-cb11-1b58-819d-a2eeb3a27436,2023-08-24T17:42:05.1,main,,2,,,250,stop,,2023-08-24T17:42:05.1
clock,PT12M5S,,568b62e1-38b2-1595-99c5-a2c808040db0,2023-08-24T17:42:05.2,main,,2,,,251,start,,2023-08-24T17:42:05.2
clock,PT12M53S,,6a407649-b45d-16e8-a941-a058e8e57a10,2023-08-24T17:42:53.1,main,,2,,,252,stop,,2023-08-24T17:42:53.1
clock,PT12M53S,,c6a65344-8e91-15de-ac23-6c4337dfb9f7,2023-08-24T17:42:53.2,main,,2,,,253,start,,2023-08-24T17:42:53.2
clock,PT12M55S,,f8df8421-27d6-13f0-972a-a913db4d3b9b,2023-08-24T17:42:55.1,main,,2,,,254,stop,,2023-08-24T17:42:55.1
clock,PT12M55S,,43c33847-9929-1241-8be7-898867ca3693,2023-08-24T17:42:55.2,main,,2,,,255,start,,2023-08-24T17:42:55.2
sport,PT12M56S,fe8d1885-3952-11ef-9130-af5c55c3771d,57d5d6ee-d928-1bad-806e-def34bdd9a13,2023-08-24T17:42:56.1,technicalFault,,2,5229986a-3953-11ef-a0a0-a9530db97767,57d5d6ee-d928-1bad-806e-def34bdd9a13,256,ruleFault,,2023-08-24T17:42:56.1
sport,PT13M1S,fe8d1885-3952-11ef-9130-af5c55c3771d,76f22017-acaa-1fc9-ad40-95ca18261251,2023-08-24T17:43:01.1,goalKeeperChange,{'emptyNet': False},2,e834a72e-3954-11ef-8893-0119270b4993,76f22017-acaa-1fc9-ad40-95ca18261251,257,,,2023-08-24T17:43:01.1
sport,PT13M20S,fea93a14-3952-11ef-a7e0-af5c55c3771d,0fb137ca-89e7-13ea-aa02-3d9ca9799bd0,2023-08-24T17:43:20.1,goal,"{'emptyNet': False, 'failureReason': 'OFF_TARGET', 'goalKeeperId': 'e834a72e-3954-11ef-8893-0119270b4993', 'location': 'CENTRE'}",2,f9821870-3955-11ef-8ff7-e79bf7b1fa4b,0fb137ca-89e7-13ea-aa02-3d9ca9799bd0,258,nineMetre,False,2023-08-24T17:43:20.1
sport,PT13M30S,fe8d1885-3952-11ef-9130-af5c55c3771d,f05a52f1-1338-1670-953d-f939ec9a5c2b,2023-08-24T17:43:30.1,goalKeeperChange,{'emptyNet': True},2,,f05a52f1-1338-1670-953d-f939ec9a5c2b,259,,,2023-08-24T17:43:30.1
sport,PT13M32S,fe8d1885-3952-11ef-9130-af5c55c3771d,8be818ea-9cea-1051-a50d-b6eaaa329a1c,2023-08-24T17:43:32.1,timeOut,,2,,8be818ea-9cea-1051-a50d-b6eaaa329a1c,260,team,,2023-08-24T17:43:32.1
clock,PT13M32S,,e78af2dc-9996-182e-8fb4-0b63d8e7d1aa,2023-08-24T17:43:32.2,main,,2,,,261,start,,2023-08-24T17:43:32.2
sport,PT13M38S,fe8d1885-3952-11ef-9130-af5c55c3771d,59141a28-db4d-1528-a75d-632c8485e11f,2023-08-24T17:43:38.1,goalKeeperChange,{'emptyNet': False},2,e834a72e-3954-11ef-8893-0119270b4993,59141a28-db4d-1528-a75d-632c8485e11f,262,,,2023-08-24T17:43:38.1
clock,PT13M39S,,c3e61bfa-0a6a-17a7-98ca-454c57429504,2023-08-24T17:43:39.1,main,,2,,,263,stop,,2023-08-24T17:43:39.1
clock,PT13M59S,,e798cfde-7e04-1ffd-a71b-c7f2ebb4b5fa,2023-08-24T17:43:59.1,main,,2,,,264,stop,,2023-08-24T17:43:59.1
clock,PT13M59S,,c46919cb-87c1-1302-83ac-2a9b26bb764c,2023-08-24T17:43:59.2,main,,2,,,265,start,,2023-08-24T17:43:59.2
clock,PT14M12S,,5f974b1a-10a1-16b8-8619-1444a3317ff9,2023-08-24T17:44:12.1,main,,2,,,266,stop,,2023-08-24T17:44:12.1
clock,PT14M12S,,d45a5557-1b38-18a0-9825-d446a0fb98ad,2023-08-24T17:44:12.2,main,,2,,,267,start,,2023-08-24T17:44:12.2
sport,PT14M45S,fe8d1885-3952-11ef-9130-af5c55c3771d,728af4fe-db4d-1620-ae5f-be1ac7bfc92b,2023-08-24T17:44:45.1,goal,"{'emptyNet': False, 'goalKeeperId': '44b187b6-3953-11ef-9e2b-855e48b08f9c', 'location': 'RIGHT'}",2,e9161b82-3954-11ef-af2c-0119270b4993,728af4fe-db4d-1620-ae5f-be1ac7bfc92b,268,wing,True,2023-08-24T17:44:45.1
sport,PT14M45S,fe8d1885-3952-11ef-9130-af5c55c3771d,4e64bd9a-c85b-172f-8e46-9ae224fd1b9f,2023-08-24T17:44:45.2,assist,,2,458c7c77-3953-11ef-b1d0-855e48b08f9c,728af4fe-db4d-1620-ae5f-be1ac7bfc92b,269,,True,2023-08-24T17:44:45.2
clock,PT14M51S,,e2ebc8ad-1a8b-1bd4-afb1-8f9915051ab0,2023-08-24T17:44:51.1,main,,2,,,270,stop,,2023-08-24T17:44:51.1
clock,PT14M51S,,dbf8e2ed-b33b-10ea-903d-e2a4eca9d50b,2023-08-24T17:44:51.2,main,,2,,,271,start,,2023-08-24T17:44:51.2
sport,PT14M52S,fe8d1885-3952-11ef-9130-af5c55c3771d,cdcfee89-27e5-1db2-a63b-63a3b93b7ce6,2023-08-24T17:44:52.1,suspension,,2,f5f23435-3953-11ef-9360-7f8c67faf7e7,cdcfee89-27e5-1db2-a63b-63a3b93b7ce6,272,twoMinutes,,2023-08-24T17:44:52.1
clock,PT15M6S,,389d4cd7-b97f-1906-871e-23d63644262a,2023-08-24T17:45:06.1,main,,2,,,273,stop,,2023-08-24T17:45:06.1
clock,PT15M6S,,96abdc48-f9e6-1c7b-a92f-6cf921e08117,2023-08-24T17:45:06.2,main,,2,,,274,start,,2023-08-24T17:45:06.2
sport,PT15M6S,fe8d1885-3952-11ef-9130-af5c55c3771d,4f83100a-1b25-150c-9a8a-e1008984b2fa,2023-08-24T17:45:06.3,goalKeeperChange,{'emptyNet': False},2,f759defc-3955-11ef-9e9e-e79bf7b1fa4b,4f83100a-1b25-150c-9a8a-e1008984b2fa,275,,,2023-08-24T17:45:06.3
clock,PT15M6S,,f31a0502-b734-1570-a7c7-724a01bcbc7a,2023-08-24T17:45:06.4,main,,2,,,276,start,,2023-08-24T17:45:06.4
sport,PT15M8S,fe8d1885-3952-11ef-9130-af5c55c3771d,e70b1569-eab2-101d-8b59-d2e0b4055910,2023-08-24T17:45:08.1,redCard,,2,513bb541-3953-11ef-a421-a9530db97767,e70b1569-eab2-101d-8b59-d2e0b4055910,277,,,2023-08-24T17:45:08.1
sport,PT15M13S,fea93a14-3952-11ef-a7e0-af5c55c3771d,f9f167a7-42b8-14c4-9a09-7df129eae033,2023-08-24T17:45:13.1,goal,{'goalKeeperId': 'f759defc-3955-11ef-9e9e-e79bf7b1fa4b'},2,4471a641-3953-11ef-8b14-855e48b08f9c,f9f167a7-42b8-14c4-9a09-7df129eae033,278,sevenMetrePenalty,True,2023-08-24T17:45:13.1
sport,PT15M21S,fe8d1885-3952-11ef-9130-af5c55c3771d,0066aec5-3626-1be2-8951-253d013a10ab,2023-08-24T17:45:21.1,goalKeeperChange,{'emptyNet': True},2,,0066aec5-3626-1be2-8951-253d013a10ab,279,,,2023-08-24T17:45:21.1
sport,PT16M15S,fe8d1885-3952-11ef-9130-af5c55c3771d,414ef11e-2b00-1df7-9258-98fd90148acd,2023-08-24T17:46:15.1,goalKeeperChange,{'emptyNet': False},2,f759defc-3955-11ef-9e9e-e79bf7b1fa4b,414ef11e-2b00-1df7-9258-98fd90148acd,280,,,2023-08-24T17:46:15.1
sport,PT16M18S,fe8d1885-3952-11ef-9130-af5c55c3771d,4453bde4-62ca-186d-9a82-57bd1478078b,2023-08-24T17:46:18.1,goal,"{'emptyNet': False, 'goalKeeperId': '44b187b6-3953-11ef-9e2b-855e48b08f9c', 'location': 'CENTRE'}",2,0e7ef9b9-3956-11ef-82c8-63392ed267d4,4453bde4-62ca-186d-9a82-57bd1478078b,281,nineMetre,True,2023-08-24T17:46:18.1
sport,PT16M21S,fe8d1885-3952-11ef-9130-af5c55c3771d,650a5430-6336-1f53-9834-7b4466ee210c,2023-08-24T17:46:21.1,goalKeeperChange,{'emptyNet': False},2,e834a72e-3954-11ef-8893-0119270b4993,650a5430-6336-1f53-9834-7b4466ee210c,282,,,2023-08-24T17:46:21.1
sport,PT16M33S,fea93a14-3952-11ef-a7e0-af5c55c3771d,6e3902b4-0e08-159a-9c63-9d8cfb8d22c2,2023-08-24T17:46:33.1,goal,"{'emptyNet': False, 'goalKeeperId': 'e834a72e-3954-11ef-8893-0119270b4993', 'location': 'RIGHT'}",2,4471a641-3953-11ef-8b14-855e48b08f9c,6e3902b4-0e08-159a-9c63-9d8cfb8d22c2,283,wing,True,2023-08-24T17:46:33.1
sport,PT16M33S,fea93a14-3952-11ef-a7e0-af5c55c3771d,abc59f6a-763f-1a59-ae5a-690755f2d6cf,2023-08-24T17:46:33.2,assist,,2,475802bc-3953-11ef-b101-855e48b08f9c,6e3902b4-0e08-159a-9c63-9d8cfb8d22c2,284,,True,2023-08-24T17:46:33.2
sport,PT16M42S,fe8d1885-3952-11ef-9130-af5c55c3771d,d16824f2-dba3-188c-9332-21be19f83917,2023-08-24T17:46:42.1,goalKeeperChange,{'emptyNet': True},2,,d16824f2-dba3-188c-9332-21be19f83917,285,,,2023-08-24T17:46:42.1
sport,PT17M9S,fe8d1885-3952-11ef-9130-af5c55c3771d,a7535d40-682b-1cbf-a230-d3b2d01fc1fe,2023-08-24T17:47:09.1,goalKeeperChange,{'emptyNet': False},2,e834a72e-3954-11ef-8893-0119270b4993,a7535d40-682b-1cbf-a230-d3b2d01fc1fe,286,,,2023-08-24T17:47:09.1
sport,PT17M12S,fea93a14-3952-11ef-a7e0-af5c55c3771d,9578c5f8-f9a6-13d3-90de-654564e68658,2023-08-24T17:47:12.1,goalKeeperChange,{'emptyNet': False},2,0f46dff5-3956-11ef-bcc8-63392ed267d4,9578c5f8-f9a6-13d3-90de-654564e68658,287,,,2023-08-24T17:47:12.1
sport,PT17M13S,fe8d1885-3952-11ef-9130-af5c55c3771d,401389d9-28c8-10f7-872e-993be89c66e2,2023-08-24T17:47:13.1,goal,"{'emptyNet': False, 'failureReason': 'SAVE', 'goalKeeperId': '0f46dff5-3956-11ef-bcc8-63392ed267d4', 'location': 'RIGHT'}",2,8a7e323f-3954-11ef-bdc6-a919af319ee5,401389d9-28c8-10f7-872e-993be89c66e2,288,sixMetre,False,2023-08-24T17:47:13.1
sport,PT17M25S,fea93a14-3952-11ef-a7e0-af5c55c3771d,f9ab9ba0-c9c2-1b60-8db9-fd5446d8492b,2023-08-24T17:47:25.1,goal,"{'attackType': 'BREAK_THROUGH', 'emptyNet': False, 'failureReason': 'SAVE', 'goalKeeperId': 'e834a72e-3954-11ef-8893-0119270b4993', 'location': 'RIGHT'}",2,f79b5dfa-3955-11ef-aa7e-e79bf7b1fa4b,f9ab9ba0-c9c2-1b60-8db9-fd5446d8492b,289,sixMetre,False,2023-08-24T17:47:25.1
sport,PT18M25S,fe8d1885-3952-11ef-9130-af5c55c3771d,25a2997f-1b7c-1139-a638-7de30989d670,2023-08-24T17:48:25.1,goal,"{'emptyNet': False, 'failureReason': 'SAVE', 'goalKeeperId': '0f46dff5-3956-11ef-bcc8-63392ed267d4', 'location': 'RIGHT'}",2,0e79d06e-3956-11ef-aadf-63392ed267d4,25a2997f-1b7c-1139-a638-7de30989d670,290,sixMetre,False,2023-08-24T17:48:25.1
clock,PT19M6S,,ea8864cf-191b-1595-a87f-f6bba2d8d5f6,2023-08-24T17:49:06.1,main,,2,,,291,stop,,2023-08-24T17:49:06.1
clock,PT19M6S,,5d70d97a-086b-1811-8c30-35016344c6cd,2023-08-24T17:49:06.2,main,,2,,,292,start,,2023-08-24T17:49:06.2
clock,PT19M6S,,4198a1bb-9951-139e-8226-86efa4351d18,2023-08-24T17:49:06.3,main,,2,,,293,start,,2023-08-24T17:49:06.3
sport,PT19M16S,fea93a14-3952-11ef-a7e0-af5c55c3771d,f01c8f40-d463-185a-ae91-3f395038f093,2023-08-24T17:49:16.1,goal,{'goalKeeperId': 'e834a72e-3954-11ef-8893-0119270b4993'},2,4471a641-3953-11ef-8b14-855e48b08f9c,f01c8f40-d463-185a-ae91-3f395038f093,294,sevenMetrePenalty,True,2023-08-24T17:49:16.1
sport,PT20M6S,fe8d1885-3952-11ef-9130-af5c55c3771d,5749e13e-8e72-1402-9a24-7a16a99d8c4b,2023-08-24T17:50:06.1,goal,"{'emptyNet': False, 'goalKeeperId': '0f46dff5-3956-11ef-bcc8-63392ed267d4', 'location': 'CENTRE'}",2,c1fb283e-3954-11ef-af2a-791010fc8985,5749e13e-8e72-1402-9a24-7a16a99d8c4b,295,nineMetre,True,2023-08-24T17:50:06.1
sport,PT20M55S,fea93a14-3952-11ef-a7e0-af5c55c3771d,f36c014d-b192-1707-8f91-62c86b20e69d,2023-08-24T17:50:55.1,goal,"{'emptyNet': False, 'failureReason': 'SAVE', 'goalKeeperId': 'e834a72e-3954-11ef-8893-0119270b4993', 'location': 'CENTRE'}",2,0f410352-3956-11ef-8c6a-63392ed267d4,f36c014d-b192-1707-8f91-62c86b20e69d,296,sixMetre,False,2023-08-24T17:50:55.1
clock,PT21M4S,,12ac10b6-c4bd-1ba2-9819-dec0ee6600c0,2023-08-24T17:51:04.1,main,,2,,,297,stop,,2023-08-24T17:51:04.1
sport,PT21M4S,fea93a14-3952-11ef-a7e0-af5c55c3771d,a7330d43-3ada-1979-9283-bab8cd343554,2023-08-24T17:51:04.2,goalKeeperChange,{'emptyNet': True},2,,a7330d43-3ada-1979-9283-bab8cd343554,298,,,2023-08-24T17:51:04.2
clock,PT21M4S,,ffb9abe7-b4e4-10ae-918c-46c308d1121b,2023-08-24T17:51:04.3,main,,2,,,299,start,,2023-08-24T17:51:04.3
sport,PT21M11S,fea93a14-3952-11ef-a7e0-af5c55c3771d,5d07a7e7-2efa-1411-9a2d-c6394cbc237f,2023-08-24T17:51:11.1,suspension,,2,52363e5d-3953-11ef-9b17-a9530db97767,5d07a7e7-2efa-1411-9a2d-c6394cbc237f,300,twoMinutes,,2023-08-24T17:51:11.1
sport,PT21M14S,fe8d1885-3952-11ef-9130-af5c55c3771d,cce1df41-f2ef-1b8f-9fd3-66cc5c892b86,2023-08-24T17:51:14.1,goal,"{'attackType': 'FAST_BREAK', 'emptyNet': True, 'location': 'CENTRE'}",2,c1fb283e-3954-11ef-af2a-791010fc8985,cce1df41-f2ef-1b8f-9fd3-66cc5c892b86,301,nineMetre,True,2023-08-24T17:51:14.1
clock,PT21M32S,,3fb92257-41fb-1db0-aff4-26092d9442db,2023-08-24T17:51:32.1,main,,2,,,302,stop,,2023-08-24T17:51:32.1
clock,PT21M32S,,c77abb83-4553-12b2-8c4e-9239c103f8df,2023-08-24T17:51:32.2,main,,2,,,303,start,,2023-08-24T17:51:32.2
clock,PT21M49S,,2e8e082e-a19c-1776-9fde-02e237b1b2e7,2023-08-24T17:51:49.1,main,,2,,,304,stop,,2023-08-24T17:51:49.1
clock,PT21M49S,,7ad0ba01-9935-1d63-9161-4ce6f298abaa,2023-08-24T17:51:49.2,main,,2,,,305,start,,2023-08-24T17:51:49.2
clock,PT22M1S,,6561cf1d-df88-162d-9445-08904d18feda,2023-08-24T17:52:01.1,main,,2,,,306,stop,,2023-08-24T17:52:01.1
sport,PT22M1S,fea93a14-3952-11ef-a7e0-af5c55c3771d,dfe6a5fe-2921-1f89-9d24-a6f6d5f1871c,2023-08-24T17:52:01.2,goalKeeperChange,{'emptyNet': False},2,0f46dff5-3956-11ef-bcc8-63392ed267d4,dfe6a5fe-2921-1f89-9d24-a6f6d5f1871c,307,,,2023-08-24T17:52:01.2
clock,PT22M1S,,8d2f8756-3e29-1be9-8162-203916afc457,2023-08-24T17:52:01.3,main,,2,,,308,start,,2023-08-24T17:52:01.3
sport,PT22M15S,fea93a14-3952-11ef-a7e0-af5c55c3771d,8cecf2e4-0266-18d6-80cc-a6631828f1c9,2023-08-24T17:52:15.1,goal,"{'emptyNet': False, 'failureReason': 'SAVE', 'goalKeeperId': 'e834a72e-3954-11ef-8893-0119270b4993', 'location': 'CENTRE'}",2,f9821870-3955-11ef-8ff7-e79bf7b1fa4b,8cecf2e4-0266-18d6-80cc-a6631828f1c9,309,nineMetre,False,2023-08-24T17:52:15.1
sport,PT22M54S,fe8d1885-3952-11ef-9130-af5c55c3771d,51c4684f-650a-18d7-a64b-ec215987e180,2023-08-24T17:52:54.1,goal,"{'emptyNet': False, 'failureReason': 'SAVE', 'goalKeeperId': '0f46dff5-3956-11ef-bcc8-63392ed267d4', 'location': 'LEFT'}",2,8a7e323f-3954-11ef-bdc6-a919af319ee5,51c4684f-650a-18d7-a64b-ec215987e180,310,nineMetre,False,2023-08-24T17:52:54.1
sport,PT23M38S,fea93a14-3952-11ef-a7e0-af5c55c3771d,d2cc6a08-1325-18fc-a3eb-8a6719980e9e,2023-08-24T17:53:38.1,goal,"{'emptyNet': False, 'failureReason': 'SHOT_BLOCKED', 'goalKeeperId': 'e834a72e-3954-11ef-8893-0119270b4993', 'location': 'RIGHT'}",2,f2fc1b0a-3954-11ef-ae4a-4143a9146400,d2cc6a08-1325-18fc-a3eb-8a6719980e9e,311,nineMetre,False,2023-08-24T17:53:38.1
sport,PT23M38S,fe8d1885-3952-11ef-9130-af5c55c3771d,5a675e5b-0a8d-1518-8edd-7b53ce46c224,2023-08-24T17:53:38.2,block,,2,455ee77d-3953-11ef-ab3e-855e48b08f9c,d2cc6a08-1325-18fc-a3eb-8a6719980e9e,312,,True,2023-08-24T17:53:38.2
clock,PT23M47S,,f4149ebf-bd1f-12ec-ac93-60da77c6c64e,2023-08-24T17:53:47.1,main,,2,,,313,stop,,2023-08-24T17:53:47.1
clock,PT23M47S,,e167524f-4fb4-1e0c-8e95-c77904ca515a,2023-08-24T17:53:47.2,main,,2,,,314,start,,2023-08-24T17:53:47.2
clock,PT24M11S,,8638e916-7d15-1b92-8aa8-5fd58976bd52,2023-08-24T17:54:11.1,main,,2,,,315,stop,,2023-08-24T17:54:11.1
clock,PT24M11S,,b3537054-ab91-1d99-9439-09880dfd71e4,2023-08-24T17:54:11.2,main,,2,,,316,start,,2023-08-24T17:54:11.2
clock,PT24M11S,,6c7ca3f0-2e64-13e5-ad33-544a40e7c787,2023-08-24T17:54:11.3,main,,2,,,317,start,,2023-08-24T17:54:11.3
sport,PT24M16S,fe8d1885-3952-11ef-9130-af5c55c3771d,9c420320-195e-12e3-8cc1-1a9837445fd2,2023-08-24T17:54:16.1,goal,{'goalKeeperId': '0f46dff5-3956-11ef-bcc8-63392ed267d4'},2,8a7e323f-3954-11ef-bdc6-a919af319ee5,9c420320-195e-12e3-8cc1-1a9837445fd2,318,sevenMetrePenalty,True,2023-08-24T17:54:16.1
clock,PT24M47S,,890f5522-185d-1630-99df-b13281333ed4,2023-08-24T17:54:47.1,main,,2,,,319,stop,,2023-08-24T17:54:47.1
clock,PT24M47S,,f8f0eafa-39c7-162e-aa5e-5156edc2652e,2023-08-24T17:54:47.2,main,,2,,,320,start,,2023-08-24T17:54:47.2
sport,PT25M5S,fea93a14-3952-11ef-a7e0-af5c55c3771d,cfb64154-fa3a-171c-9061-f4d25e1e1e58,2023-08-24T17:55:05.1,goal,"{'emptyNet': False, 'failureReason': 'SAVE', 'goalKeeperId': 'e834a72e-3954-11ef-8893-0119270b4993', 'location': 'CENTRE'}",2,f9821870-3955-11ef-8ff7-e79bf7b1fa4b,cfb64154-fa3a-171c-9061-f4d25e1e1e58,321,nineMetre,False,2023-08-24T17:55:05.1
sport,PT25M57S,fe8d1885-3952-11ef-9130-af5c55c3771d,5bc752c6-719b-1f0d-9e2f-2907604cd43a,2023-08-24T17:55:57.1,technicalFault,,2,c1fb283e-3954-11ef-af2a-791010fc8985,5bc752c6-719b-1f0d-9e2f-2907604cd43a,322,ruleFault,,2023-08-24T17:55:57.1
sport,PT26M25S,fea93a14-3952-11ef-a7e0-af5c55c3771d,05ec0308-5d5a-1f44-8eab-336824c1745d,2023-08-24T17:56:25.1,goal,"{'attackType': 'BREAK_THROUGH', 'emptyNet': False, 'failureReason': 'SAVE', 'goalKeeperId': 'e834a72e-3954-11ef-8893-0119270b4993', 'location': 'LEFT'}",2,475802bc-3953-11ef-b101-855e48b08f9c,05ec0308-5d5a-1f44-8eab-336824c1745d,323,sixMetre,False,2023-08-24T17:56:25.1
clock,PT26M58S,,ae24b98c-ef7f-1615-861a-63476707cf92,2023-08-24T17:56:58.1,main,,2,,,324,stop,,2023-08-24T17:56:58.1
clock,PT26M58S,,e1e3f20e-1daa-1a06-9acb-ddd67f301b13,2023-08-24T17:56:58.2,main,,2,,,325,start,,2023-08-24T17:56:58.2
sport,PT26M58S,fe8d1885-3952-11ef-9130-af5c55c3771d,5bd189de-55f4-1e97-85f6-6b0418c9272c,2023-08-24T17:56:58.3,goalKeeperChange,{'emptyNet': False},2,f759defc-3955-11ef-9e9e-e79bf7b1fa4b,5bd189de-55f4-1e97-85f6-6b0418c9272c,326,,,2023-08-24T17:56:58.3
clock,PT26M58S,,549bc1aa-3d18-1b54-8af1-521e1cc0a034,2023-08-24T17:56:58.4,main,,2,,,327,start,,2023-08-24T17:56:58.4
sport,PT27M1S,fea93a14-3952-11ef-a7e0-af5c55c3771d,8b1bd18a-2fc7-1ca7-97df-fa440e8814d1,2023-08-24T17:57:01.1,goal,{'goalKeeperId': 'f759defc-3955-11ef-9e9e-e79bf7b1fa4b'},2,4471a641-3953-11ef-8b14-855e48b08f9c,8b1bd18a-2fc7-1ca7-97df-fa440e8814d1,328,sevenMetrePenalty,True,2023-08-24T17:57:01.1
sport,PT27M11S,fe8d1885-3952-11ef-9130-af5c55c3771d,91f34173-61e3-1b04-a3ce-b4cf60123530,2023-08-24T17:57:11.1,goalKeeperChange,{'emptyNet': False},2,e834a72e-3954-11ef-8893-0119270b4993,91f34173-61e3-1b04-a3ce-b4cf60123530,329,,,2023-08-24T17:57:11.1
clock,PT27M33S,,f890abf3-1484-10bf-a3ca-106de5515e35,2023-08-24T17:57:33.1,main,,2,,,330,stop,,2023-08-24T17:57:33.1
clock,PT27M33S,,dd809e09-149f-1164-8c02-9a6ae9fb24b2,2023-08-24T17:57:33.2,main,,2,,,331,start,,2023-08-24T17:57:33.2
sport,PT27M34S,fea93a14-3952-11ef-a7e0-af5c55c3771d,9dda7b16-6f8d-167d-8e3d-e31129f570ad,2023-08-24T17:57:34.1,suspension,,2,4471a641-3953-11ef-8b14-855e48b08f9c,9dda7b16-6f8d-167d-8e3d-e31129f570ad,332,twoMinutes,,2023-08-24T17:57:34.1
sport,PT28M4S,fe8d1885-3952-11ef-9130-af5c55c3771d,1e6c8bbb-2705-1a09-a040-4f6f7b1c29b8,2023-08-24T17:58:04.1,goal,"{'attackType': 'BREAK_THROUGH', 'emptyNet': False, 'failureReason': 'SAVE', 'goalKeeperId': '0f46dff5-3956-11ef-bcc8-63392ed267d4', 'location': 'RIGHT'}",2,50158fe2-3953-11ef-a039-a9530db97767,1e6c8bbb-2705-1a09-a040-4f6f7b1c29b8,333,sixMetre,False,2023-08-24T17:58:04.1
sport,PT28M45S,fea93a14-3952-11ef-a7e0-af5c55c3771d,908f7c18-2265-1a99-8d20-afe2e854555d,2023-08-24T17:58:45.1,goalKeeperChange,{'emptyNet': True},2,,908f7c18-2265-1a99-8d20-afe2e854555d,334,,,2023-08-24T17:58:45.1
clock,PT28M55S,,5aa74e27-145e-11fa-98cc-d510a3373af8,2023-08-24T17:58:55.1,main,,2,,,335,stop,,2023-08-24T17:58:55.1
sport,PT28M55S,fea93a14-3952-11ef-a7e0-af5c55c3771d,9aa7e9bd-01f1-1aa3-a962-66849dc71f90,2023-08-24T17:58:55.2,timeOut,,2,,9aa7e9bd-01f1-1aa3-a962-66849dc71f90,336,team,,2023-08-24T17:58:55.2
sport,PT28M55S,fea93a14-3952-11ef-a7e0-af5c55c3771d,32ac3094-3b57-1c59-9533-d4d2a09ec77f,2023-08-24T17:58:55.3,goalKeeperChange,{'emptyNet': False},2,0f46dff5-3956-11ef-bcc8-63392ed267d4,9aa7e9bd-01f1-1aa3-a962-66849dc71f90,337,,,2023-08-24T17:58:55.3
clock,PT28M55S,,5f5a272f-9c5d-1437-8b6e-59d8d90ba5c5,2023-08-24T17:58:55.4,main,,2,,,338,start,,2023-08-24T17:58:55.4
clock,PT29M3S,,4d3d666d-f20f-1fe3-8f02-d799db8d9d5b,2023-08-24T17:59:03.1,main,,2,,,339,stop,,2023-08-24T17:59:03.1
clock,PT29M3S,,95840969-fd2c-1e21-8e90-8da05adfc036,2023-08-24T17:59:03.2,main,,2,,,340,start,,2023-08-24T17:59:03.2
sport,PT29M7S,fea93a14-3952-11ef-a7e0-af5c55c3771d,7358121f-8771-17d6-a4e0-673a4d810dd1,2023-08-24T17:59:07.1,goal,"{'emptyNet': False, 'goalKeeperId': 'e834a72e-3954-11ef-8893-0119270b4993', 'location': 'LEFT'}",2,f9821870-3955-11ef-8ff7-e79bf7b1fa4b,7358121f-8771-17d6-a4e0-673a4d810dd1,341,nineMetre,True,2023-08-24T17:59:07.1
clock,PT29M21S,,1e4e202b-ff23-18ec-8e41-20c0c8173d07,2023-08-24T17:59:21.1,main,,2,,,342,stop,,2023-08-24T17:59:21.1
sport,PT29M21S,fe8d1885-3952-11ef-9130-af5c55c3771d,abdc6dd9-cbbb-17d9-a7a7-46fb947e8080,2023-08-24T17:59:21.2,timeOut,,2,,abdc6dd9-cbbb-17d9-a7a7-46fb947e8080,343,team,,2023-08-24T17:59:21.2
clock,PT29M21S,,3241f848-c8fd-165c-9cbd-b98012f8e570,2023-08-24T17:59:21.3,main,,2,,,344,start,,2023-08-24T17:59:21.3
sport,PT29M35S,fe8d1885-3952-11ef-9130-af5c55c3771d,ca89c336-4fda-1353-a8af-9a583572c9bb,2023-08-24T17:59:35.1,technicalFault,,2,8a7e323f-3954-11ef-bdc6-a919af319ee5,ca89c336-4fda-1353-a8af-9a583572c9bb,345,ballFault,,2023-08-24T17:59:35.1
sport,PT29M58S,fea93a14-3952-11ef-a7e0-af5c55c3771d,1ba592e6-e9e5-11e7-8526-0a7c98838e0b,2023-08-24T17:59:58.1,goal,"{'attackType': 'BREAK_THROUGH', 'emptyNet': False, 'goalKeeperId': 'e834a72e-3954-11ef-8893-0119270b4993', 'location': 'CENTRE'}",2,f7697a72-3955-11ef-9f65-e79bf7b1fa4b,1ba592e6-e9e5-11e7-8526-0a7c98838e0b,346,sixMetre,True,2023-08-24T17:59:58.1
sport,PT29M58S,fea93a14-3952-11ef-a7e0-af5c55c3771d,bba95935-4f98-1d0a-8580-1fec5934e0d6,2023-08-24T17:59:58.2,assist,,2,f2fc1b0a-3954-11ef-ae4a-4143a9146400,1ba592e6-e9e5-11e7-8526-0a7c98838e0b,347,,True,2023-08-24T17:59:58.2
sport,PT29M59S,fe8d1885-3952-11ef-9130-af5c55c3771d,d2bfdffc-3b81-1b8c-8960-d22dc5378f3c,2023-08-24T17:59:59.1,possession,,2,,,348,,,2023-08-24T17:59:59.1
clock,PT29M59S,,87215167-0f7c-112e-8da1-d40652dc8cdd,2023-08-24T17:59:59.2,main,,2,,,349,stop,,2023-08-24T17:59:59.2
sport,PT30M0S,,26dcba66-895a-1f9c-8b6c-dd15309724e2,2023-08-24T18:00:00.1,period,,2,,,350,end,,2023-08-24T18:00:00.1
sport,PT30M0S,,1d5b202d-90cc-17a4-9a4c-6cad2d82f6e0,2023-08-24T18:00:00.2,period,,2,,,351,confirmed,,2023-08-24T18:00:00.2
sport,PT30M0S,,04f36b07-f811-19a9-814f-f7d32097ebf5,2023-08-24T18:00:00.3,fixture,,2,,,352,end,,2023-08-24T18:00:00.3
sport,PT30M0S,,1ccec77b-d684-104f-814d-aa5ce518a9f2,2023-08-24T18:00:00.4,fixture,,2,,,353,confirmed,,2023-08-24T18:00:00.4
